/137.254.56.29,/10.100.0.227,80,51365,00:09:0f:e5:2c:1e,58:91:cf:4b:fb:4a,Tue Jul 30 15:08:49 NPT 2013
/10.100.0.227,/137.254.56.29,51365,80,58:91:cf:4b:fb:4a,00:09:0f:e5:2c:1e,Tue Jul 30 15:08:49 NPT 2013
/137.254.56.29,/10.100.0.227,80,51365,00:09:0f:e5:2c:1e,58:91:cf:4b:fb:4a,Tue Jul 30 15:08:49 NPT 2013
/10.100.0.227,/137.254.56.29,51365,80,58:91:cf:4b:fb:4a,00:09:0f:e5:2c:1e,Tue Jul 30 15:08:49 NPT 2013
/137.254.56.29,/10.100.0.227,80,51365,00:09:0f:e5:2c:1e,58:91:cf:4b:fb:4a,Tue Jul 30 15:08:49 NPT 2013
/10.100.0.227,/137.254.56.29,51365,80,58:91:cf:4b:fb:4a,00:09:0f:e5:2c:1e,Tue Jul 30 15:08:49 NPT 2013
/137.254.56.29,/10.100.0.227,80,51365,00:09:0f:e5:2c:1e,58:91:cf:4b:fb:4a,Tue Jul 30 15:08:49 NPT 2013
/10.100.0.227,/137.254.56.29,51365,80,58:91:cf:4b:fb:4a,00:09:0f:e5:2c:1e,Tue Jul 30 15:08:49 NPT 2013
/137.254.56.29,/10.100.0.227,80,51365,00:09:0f:e5:2c:1e,58:91:cf:4b:fb:4a,Tue Jul 30 15:08:49 NPT 2013
/10.100.0.227,/137.254.56.29,51365,80,58:91:cf:4b:fb:4a,00:09:0f:e5:2c:1e,Tue Jul 30 15:08:49 NPT 2013
/137.254.56.29,/10.100.0.227,80,51365,00:09:0f:e5:2c:1e,58:91:cf:4b:fb:4a,Tue Jul 30 15:08:49 NPT 2013
/137.254.56.29,/10.100.0.227,80,51365,00:09:0f:e5:2c:1e,58:91:cf:4b:fb:4a,Tue Jul 30 15:08:49 NPT 2013
/10.100.0.227,/137.254.56.29,51365,80,58:91:cf:4b:fb:4a,00:09:0f:e5:2c:1e,Tue Jul 30 15:08:49 NPT 2013
/137.254.56.29,/10.100.0.227,80,51365,00:09:0f:e5:2c:1e,58:91:cf:4b:fb:4a,Tue Jul 30 15:08:49 NPT 2013
/10.100.0.227,/137.254.56.29,51365,80,58:91:cf:4b:fb:4a,00:09:0f:e5:2c:1e,Tue Jul 30 15:08:49 NPT 2013
/137.254.56.29,/10.100.0.227,80,51365,00:09:0f:e5:2c:1e,58:91:cf:4b:fb:4a,Tue Jul 30 15:08:49 NPT 2013
/10.100.0.227,/137.254.56.29,51365,80,58:91:cf:4b:fb:4a,00:09:0f:e5:2c:1e,Tue Jul 30 15:08:49 NPT 2013
/137.254.56.29,/10.100.0.227,80,51365,00:09:0f:e5:2c:1e,58:91:cf:4b:fb:4a,Tue Jul 30 15:08:49 NPT 2013
/10.100.0.227,/137.254.56.29,51365,80,58:91:cf:4b:fb:4a,00:09:0f:e5:2c:1e,Tue Jul 30 15:08:49 NPT 2013
/137.254.56.29,/10.100.0.227,80,51365,00:09:0f:e5:2c:1e,58:91:cf:4b:fb:4a,Tue Jul 30 15:08:49 NPT 2013
/137.254.56.29,/10.100.0.227,80,51365,00:09:0f:e5:2c:1e,58:91:cf:4b:fb:4a,Tue Jul 30 15:08:49 NPT 2013
/10.100.0.227,/137.254.56.29,51365,80,58:91:cf:4b:fb:4a,00:09:0f:e5:2c:1e,Tue Jul 30 15:08:49 NPT 2013
/137.254.56.29,/10.100.0.227,80,51365,00:09:0f:e5:2c:1e,58:91:cf:4b:fb:4a,Tue Jul 30 15:08:49 NPT 2013
/10.100.0.227,/111.119.15.32,51294,80,58:91:cf:4b:fb:4a,00:09:0f:e5:2c:1e,Tue Jul 30 15:08:50 NPT 2013
/10.100.0.227,/111.119.15.32,51293,80,58:91:cf:4b:fb:4a,00:09:0f:e5:2c:1e,Tue Jul 30 15:08:50 NPT 2013
/10.100.0.227,/137.254.56.29,51365,80,58:91:cf:4b:fb:4a,00:09:0f:e5:2c:1e,Tue Jul 30 15:08:50 NPT 2013
/137.254.56.29,/10.100.0.227,80,51365,00:09:0f:e5:2c:1e,58:91:cf:4b:fb:4a,Tue Jul 30 15:08:50 NPT 2013
/137.254.56.29,/10.100.0.227,80,51365,00:09:0f:e5:2c:1e,58:91:cf:4b:fb:4a,Tue Jul 30 15:08:50 NPT 2013
/10.100.0.227,/137.254.56.29,51365,80,58:91:cf:4b:fb:4a,00:09:0f:e5:2c:1e,Tue Jul 30 15:08:50 NPT 2013
/8.25.35.20,/10.100.0.227,80,51337,00:09:0f:e5:2c:1e,58:91:cf:4b:fb:4a,Tue Jul 30 15:08:50 NPT 2013
/137.254.56.29,/10.100.0.227,80,51365,00:09:0f:e5:2c:1e,58:91:cf:4b:fb:4a,Tue Jul 30 15:08:51 NPT 2013
/137.254.56.29,/10.100.0.227,80,51365,00:09:0f:e5:2c:1e,58:91:cf:4b:fb:4a,Tue Jul 30 15:08:51 NPT 2013
/10.100.0.227,/137.254.56.29,51365,80,58:91:cf:4b:fb:4a,00:09:0f:e5:2c:1e,Tue Jul 30 15:08:51 NPT 2013
/137.254.56.29,/10.100.0.227,80,51365,00:09:0f:e5:2c:1e,58:91:cf:4b:fb:4a,Tue Jul 30 15:08:51 NPT 2013
/137.254.56.29,/10.100.0.227,80,51365,00:09:0f:e5:2c:1e,58:91:cf:4b:fb:4a,Tue Jul 30 15:08:51 NPT 2013
/10.100.0.227,/137.254.56.29,51365,80,58:91:cf:4b:fb:4a,00:09:0f:e5:2c:1e,Tue Jul 30 15:08:51 NPT 2013
/137.254.56.29,/10.100.0.227,80,51365,00:09:0f:e5:2c:1e,58:91:cf:4b:fb:4a,Tue Jul 30 15:08:51 NPT 2013
/10.100.0.227,/137.254.56.29,51365,80,58:91:cf:4b:fb:4a,00:09:0f:e5:2c:1e,Tue Jul 30 15:08:51 NPT 2013
/137.254.56.29,/10.100.0.227,80,51365,00:09:0f:e5:2c:1e,58:91:cf:4b:fb:4a,Tue Jul 30 15:08:51 NPT 2013
/137.254.56.29,/10.100.0.227,80,51365,00:09:0f:e5:2c:1e,58:91:cf:4b:fb:4a,Tue Jul 30 15:08:51 NPT 2013
/10.100.0.227,/137.254.56.29,51365,80,58:91:cf:4b:fb:4a,00:09:0f:e5:2c:1e,Tue Jul 30 15:08:51 NPT 2013
/137.254.56.29,/10.100.0.227,80,51365,00:09:0f:e5:2c:1e,58:91:cf:4b:fb:4a,Tue Jul 30 15:08:51 NPT 2013
/137.254.56.29,/10.100.0.227,80,51365,00:09:0f:e5:2c:1e,58:91:cf:4b:fb:4a,Tue Jul 30 15:08:51 NPT 2013
/10.100.0.227,/137.254.56.29,51365,80,58:91:cf:4b:fb:4a,00:09:0f:e5:2c:1e,Tue Jul 30 15:08:51 NPT 2013
/137.254.56.29,/10.100.0.227,80,51365,00:09:0f:e5:2c:1e,58:91:cf:4b:fb:4a,Tue Jul 30 15:08:51 NPT 2013
/137.254.56.29,/10.100.0.227,80,51365,00:09:0f:e5:2c:1e,58:91:cf:4b:fb:4a,Tue Jul 30 15:08:51 NPT 2013
/10.100.0.227,/137.254.56.29,51365,80,58:91:cf:4b:fb:4a,00:09:0f:e5:2c:1e,Tue Jul 30 15:08:51 NPT 2013
/137.254.56.29,/10.100.0.227,80,51365,00:09:0f:e5:2c:1e,58:91:cf:4b:fb:4a,Tue Jul 30 15:08:51 NPT 2013
/137.254.56.29,/10.100.0.227,80,51365,00:09:0f:e5:2c:1e,58:91:cf:4b:fb:4a,Tue Jul 30 15:08:51 NPT 2013
/10.100.0.227,/137.254.56.29,51365,80,58:91:cf:4b:fb:4a,00:09:0f:e5:2c:1e,Tue Jul 30 15:08:51 NPT 2013
/137.254.56.29,/10.100.0.227,80,51365,00:09:0f:e5:2c:1e,58:91:cf:4b:fb:4a,Tue Jul 30 15:08:52 NPT 2013
/137.254.56.29,/10.100.0.227,80,51365,00:09:0f:e5:2c:1e,58:91:cf:4b:fb:4a,Tue Jul 30 15:08:52 NPT 2013
/10.100.0.227,/137.254.56.29,51365,80,58:91:cf:4b:fb:4a,00:09:0f:e5:2c:1e,Tue Jul 30 15:08:52 NPT 2013
/137.254.56.29,/10.100.0.227,80,51365,00:09:0f:e5:2c:1e,58:91:cf:4b:fb:4a,Tue Jul 30 15:08:52 NPT 2013
/137.254.56.29,/10.100.0.227,80,51365,00:09:0f:e5:2c:1e,58:91:cf:4b:fb:4a,Tue Jul 30 15:08:52 NPT 2013
/10.100.0.227,/137.254.56.29,51365,80,58:91:cf:4b:fb:4a,00:09:0f:e5:2c:1e,Tue Jul 30 15:08:52 NPT 2013
/137.254.56.29,/10.100.0.227,80,51365,00:09:0f:e5:2c:1e,58:91:cf:4b:fb:4a,Tue Jul 30 15:08:52 NPT 2013
/10.100.0.227,/137.254.56.29,51365,80,58:91:cf:4b:fb:4a,00:09:0f:e5:2c:1e,Tue Jul 30 15:08:52 NPT 2013
/137.254.56.29,/10.100.0.227,80,51365,00:09:0f:e5:2c:1e,58:91:cf:4b:fb:4a,Tue Jul 30 15:08:52 NPT 2013
/137.254.56.29,/10.100.0.227,80,51365,00:09:0f:e5:2c:1e,58:91:cf:4b:fb:4a,Tue Jul 30 15:08:52 NPT 2013
/10.100.0.227,/137.254.56.29,51365,80,58:91:cf:4b:fb:4a,00:09:0f:e5:2c:1e,Tue Jul 30 15:08:52 NPT 2013
/137.254.56.29,/10.100.0.227,80,51365,00:09:0f:e5:2c:1e,58:91:cf:4b:fb:4a,Tue Jul 30 15:08:52 NPT 2013
/137.254.56.29,/10.100.0.227,80,51365,00:09:0f:e5:2c:1e,58:91:cf:4b:fb:4a,Tue Jul 30 15:08:52 NPT 2013
/10.100.0.227,/137.254.56.29,51365,80,58:91:cf:4b:fb:4a,00:09:0f:e5:2c:1e,Tue Jul 30 15:08:52 NPT 2013
/137.254.56.29,/10.100.0.227,80,51365,00:09:0f:e5:2c:1e,58:91:cf:4b:fb:4a,Tue Jul 30 15:08:52 NPT 2013
/137.254.56.29,/10.100.0.227,80,51365,00:09:0f:e5:2c:1e,58:91:cf:4b:fb:4a,Tue Jul 30 15:08:52 NPT 2013
/10.100.0.227,/137.254.56.29,51365,80,58:91:cf:4b:fb:4a,00:09:0f:e5:2c:1e,Tue Jul 30 15:08:52 NPT 2013
/137.254.56.29,/10.100.0.227,80,51365,00:09:0f:e5:2c:1e,58:91:cf:4b:fb:4a,Tue Jul 30 15:08:52 NPT 2013
/137.254.56.29,/10.100.0.227,80,51365,00:09:0f:e5:2c:1e,58:91:cf:4b:fb:4a,Tue Jul 30 15:08:52 NPT 2013
/10.100.0.227,/137.254.56.29,51365,80,58:91:cf:4b:fb:4a,00:09:0f:e5:2c:1e,Tue Jul 30 15:08:52 NPT 2013
/137.254.56.29,/10.100.0.227,80,51365,00:09:0f:e5:2c:1e,58:91:cf:4b:fb:4a,Tue Jul 30 15:08:52 NPT 2013
/10.100.0.227,/137.254.56.29,51365,80,58:91:cf:4b:fb:4a,00:09:0f:e5:2c:1e,Tue Jul 30 15:08:52 NPT 2013
/137.254.56.29,/10.100.0.227,80,51365,00:09:0f:e5:2c:1e,58:91:cf:4b:fb:4a,Tue Jul 30 15:08:52 NPT 2013
/137.254.56.29,/10.100.0.227,80,51365,00:09:0f:e5:2c:1e,58:91:cf:4b:fb:4a,Tue Jul 30 15:08:52 NPT 2013
/10.100.0.227,/137.254.56.29,51365,80,58:91:cf:4b:fb:4a,00:09:0f:e5:2c:1e,Tue Jul 30 15:08:52 NPT 2013
/137.254.56.29,/10.100.0.227,80,51365,00:09:0f:e5:2c:1e,58:91:cf:4b:fb:4a,Tue Jul 30 15:08:52 NPT 2013
/137.254.56.29,/10.100.0.227,80,51365,00:09:0f:e5:2c:1e,58:91:cf:4b:fb:4a,Tue Jul 30 15:08:52 NPT 2013
/10.100.0.227,/137.254.56.29,51365,80,58:91:cf:4b:fb:4a,00:09:0f:e5:2c:1e,Tue Jul 30 15:08:52 NPT 2013
/137.254.56.29,/10.100.0.227,80,51365,00:09:0f:e5:2c:1e,58:91:cf:4b:fb:4a,Tue Jul 30 15:08:52 NPT 2013
/10.100.0.227,/137.254.56.29,51365,80,58:91:cf:4b:fb:4a,00:09:0f:e5:2c:1e,Tue Jul 30 15:08:52 NPT 2013
/137.254.56.29,/10.100.0.227,80,51365,00:09:0f:e5:2c:1e,58:91:cf:4b:fb:4a,Tue Jul 30 15:08:52 NPT 2013
/10.100.0.227,/137.254.56.29,51365,80,58:91:cf:4b:fb:4a,00:09:0f:e5:2c:1e,Tue Jul 30 15:08:52 NPT 2013
/10.100.0.227,/65.255.35.148,51370,80,58:91:cf:4b:fb:4a,00:09:0f:e5:2c:1e,Tue Jul 30 15:08:53 NPT 2013
/10.100.0.227,/74.125.236.41,51252,80,58:91:cf:4b:fb:4a,00:09:0f:e5:2c:1e,Tue Jul 30 15:08:54 NPT 2013
/137.254.56.29,/10.100.0.227,80,51365,00:09:0f:e5:2c:1e,58:91:cf:4b:fb:4a,Tue Jul 30 15:08:54 NPT 2013
/10.100.0.227,/137.254.56.29,51365,80,58:91:cf:4b:fb:4a,00:09:0f:e5:2c:1e,Tue Jul 30 15:08:54 NPT 2013
/137.254.56.29,/10.100.0.227,80,51365,00:09:0f:e5:2c:1e,58:91:cf:4b:fb:4a,Tue Jul 30 15:08:54 NPT 2013
/10.100.0.227,/137.254.56.29,51365,80,58:91:cf:4b:fb:4a,00:09:0f:e5:2c:1e,Tue Jul 30 15:08:54 NPT 2013
/137.254.56.29,/10.100.0.227,80,51365,00:09:0f:e5:2c:1e,58:91:cf:4b:fb:4a,Tue Jul 30 15:08:54 NPT 2013
/10.100.0.227,/137.254.56.29,51365,80,58:91:cf:4b:fb:4a,00:09:0f:e5:2c:1e,Tue Jul 30 15:08:54 NPT 2013
/137.254.56.29,/10.100.0.227,80,51365,00:09:0f:e5:2c:1e,58:91:cf:4b:fb:4a,Tue Jul 30 15:08:54 NPT 2013
/10.100.0.227,/137.254.56.29,51365,80,58:91:cf:4b:fb:4a,00:09:0f:e5:2c:1e,Tue Jul 30 15:08:54 NPT 2013
/137.254.56.29,/10.100.0.227,80,51365,00:09:0f:e5:2c:1e,58:91:cf:4b:fb:4a,Tue Jul 30 15:08:54 NPT 2013
/10.100.0.227,/137.254.56.29,51365,80,58:91:cf:4b:fb:4a,00:09:0f:e5:2c:1e,Tue Jul 30 15:08:54 NPT 2013
/137.254.56.29,/10.100.0.227,80,51365,00:09:0f:e5:2c:1e,58:91:cf:4b:fb:4a,Tue Jul 30 15:08:54 NPT 2013
/10.100.0.227,/137.254.56.29,51365,80,58:91:cf:4b:fb:4a,00:09:0f:e5:2c:1e,Tue Jul 30 15:08:54 NPT 2013
/137.254.56.29,/10.100.0.227,80,51365,00:09:0f:e5:2c:1e,58:91:cf:4b:fb:4a,Tue Jul 30 15:08:54 NPT 2013
/10.100.0.227,/137.254.56.29,51365,80,58:91:cf:4b:fb:4a,00:09:0f:e5:2c:1e,Tue Jul 30 15:08:54 NPT 2013
/137.254.56.29,/10.100.0.227,80,51365,00:09:0f:e5:2c:1e,58:91:cf:4b:fb:4a,Tue Jul 30 15:08:54 NPT 2013
/10.100.0.227,/137.254.56.29,51365,80,58:91:cf:4b:fb:4a,00:09:0f:e5:2c:1e,Tue Jul 30 15:08:54 NPT 2013
/137.254.56.29,/10.100.0.227,80,51365,00:09:0f:e5:2c:1e,58:91:cf:4b:fb:4a,Tue Jul 30 15:08:54 NPT 2013
/10.100.0.227,/137.254.56.29,51365,80,58:91:cf:4b:fb:4a,00:09:0f:e5:2c:1e,Tue Jul 30 15:08:54 NPT 2013
/74.125.236.41,/10.100.0.227,80,51252,00:09:0f:e5:2c:1e,58:91:cf:4b:fb:4a,Tue Jul 30 15:08:54 NPT 2013
/65.255.35.148,/10.100.0.227,80,51370,00:09:0f:e5:2c:1e,58:91:cf:4b:fb:4a,Tue Jul 30 15:08:54 NPT 2013
/10.100.0.227,/65.255.35.148,51370,80,58:91:cf:4b:fb:4a,00:09:0f:e5:2c:1e,Tue Jul 30 15:08:54 NPT 2013
/137.254.56.29,/10.100.0.227,80,51365,00:09:0f:e5:2c:1e,58:91:cf:4b:fb:4a,Tue Jul 30 15:08:54 NPT 2013
/10.100.0.227,/137.254.56.29,51365,80,58:91:cf:4b:fb:4a,00:09:0f:e5:2c:1e,Tue Jul 30 15:08:54 NPT 2013
/10.100.0.227,/65.255.35.148,51370,80,58:91:cf:4b:fb:4a,00:09:0f:e5:2c:1e,Tue Jul 30 15:08:54 NPT 2013
/10.100.0.227,/65.255.35.148,51371,80,58:91:cf:4b:fb:4a,00:09:0f:e5:2c:1e,Tue Jul 30 15:08:54 NPT 2013
/137.254.56.29,/10.100.0.227,80,51365,00:09:0f:e5:2c:1e,58:91:cf:4b:fb:4a,Tue Jul 30 15:08:55 NPT 2013
/137.254.56.29,/10.100.0.227,80,51365,00:09:0f:e5:2c:1e,58:91:cf:4b:fb:4a,Tue Jul 30 15:08:55 NPT 2013
/10.100.0.227,/137.254.56.29,51365,80,58:91:cf:4b:fb:4a,00:09:0f:e5:2c:1e,Tue Jul 30 15:08:55 NPT 2013
/137.254.56.29,/10.100.0.227,80,51365,00:09:0f:e5:2c:1e,58:91:cf:4b:fb:4a,Tue Jul 30 15:08:55 NPT 2013
/137.254.56.29,/10.100.0.227,80,51365,00:09:0f:e5:2c:1e,58:91:cf:4b:fb:4a,Tue Jul 30 15:08:55 NPT 2013
/10.100.0.227,/137.254.56.29,51365,80,58:91:cf:4b:fb:4a,00:09:0f:e5:2c:1e,Tue Jul 30 15:08:55 NPT 2013
/137.254.56.29,/10.100.0.227,80,51365,00:09:0f:e5:2c:1e,58:91:cf:4b:fb:4a,Tue Jul 30 15:08:55 NPT 2013
/137.254.56.29,/10.100.0.227,80,51365,00:09:0f:e5:2c:1e,58:91:cf:4b:fb:4a,Tue Jul 30 15:08:55 NPT 2013
/10.100.0.227,/137.254.56.29,51365,80,58:91:cf:4b:fb:4a,00:09:0f:e5:2c:1e,Tue Jul 30 15:08:55 NPT 2013
/137.254.56.29,/10.100.0.227,80,51365,00:09:0f:e5:2c:1e,58:91:cf:4b:fb:4a,Tue Jul 30 15:08:55 NPT 2013
/10.100.0.227,/137.254.56.29,51365,80,58:91:cf:4b:fb:4a,00:09:0f:e5:2c:1e,Tue Jul 30 15:08:55 NPT 2013
/65.255.35.148,/10.100.0.227,80,51370,00:09:0f:e5:2c:1e,58:91:cf:4b:fb:4a,Tue Jul 30 15:08:55 NPT 2013
/65.255.35.148,/10.100.0.227,80,51370,00:09:0f:e5:2c:1e,58:91:cf:4b:fb:4a,Tue Jul 30 15:08:55 NPT 2013
/10.100.0.227,/65.255.35.148,51370,80,58:91:cf:4b:fb:4a,00:09:0f:e5:2c:1e,Tue Jul 30 15:08:55 NPT 2013
/65.255.35.148,/10.100.0.227,80,51371,00:09:0f:e5:2c:1e,58:91:cf:4b:fb:4a,Tue Jul 30 15:08:55 NPT 2013
/10.100.0.227,/65.255.35.148,51371,80,58:91:cf:4b:fb:4a,00:09:0f:e5:2c:1e,Tue Jul 30 15:08:55 NPT 2013
/10.100.0.227,/65.255.35.148,51371,80,58:91:cf:4b:fb:4a,00:09:0f:e5:2c:1e,Tue Jul 30 15:08:55 NPT 2013
/10.100.0.227,/65.255.35.144,51372,80,58:91:cf:4b:fb:4a,00:09:0f:e5:2c:1e,Tue Jul 30 15:08:55 NPT 2013
/137.254.56.29,/10.100.0.227,80,51365,00:09:0f:e5:2c:1e,58:91:cf:4b:fb:4a,Tue Jul 30 15:08:55 NPT 2013
/137.254.56.29,/10.100.0.227,80,51365,00:09:0f:e5:2c:1e,58:91:cf:4b:fb:4a,Tue Jul 30 15:08:55 NPT 2013
/137.254.56.29,/10.100.0.227,80,51365,00:09:0f:e5:2c:1e,58:91:cf:4b:fb:4a,Tue Jul 30 15:08:55 NPT 2013
/10.100.0.227,/137.254.56.29,51365,80,58:91:cf:4b:fb:4a,00:09:0f:e5:2c:1e,Tue Jul 30 15:08:55 NPT 2013
/137.254.56.29,/10.100.0.227,80,51365,00:09:0f:e5:2c:1e,58:91:cf:4b:fb:4a,Tue Jul 30 15:08:55 NPT 2013
/137.254.56.29,/10.100.0.227,80,51365,00:09:0f:e5:2c:1e,58:91:cf:4b:fb:4a,Tue Jul 30 15:08:55 NPT 2013
/10.100.0.227,/137.254.56.29,51365,80,58:91:cf:4b:fb:4a,00:09:0f:e5:2c:1e,Tue Jul 30 15:08:55 NPT 2013
/65.255.35.144,/10.100.0.227,80,51372,00:09:0f:e5:2c:1e,58:91:cf:4b:fb:4a,Tue Jul 30 15:08:55 NPT 2013
/10.100.0.227,/65.255.35.144,51372,80,58:91:cf:4b:fb:4a,00:09:0f:e5:2c:1e,Tue Jul 30 15:08:55 NPT 2013
/10.100.0.227,/65.255.35.144,51372,80,58:91:cf:4b:fb:4a,00:09:0f:e5:2c:1e,Tue Jul 30 15:08:55 NPT 2013
/65.255.35.148,/10.100.0.227,80,51371,00:09:0f:e5:2c:1e,58:91:cf:4b:fb:4a,Tue Jul 30 15:08:55 NPT 2013
/10.100.0.227,/65.255.35.148,51371,80,58:91:cf:4b:fb:4a,00:09:0f:e5:2c:1e,Tue Jul 30 15:08:55 NPT 2013
/137.254.56.29,/10.100.0.227,80,51365,00:09:0f:e5:2c:1e,58:91:cf:4b:fb:4a,Tue Jul 30 15:08:55 NPT 2013
/137.254.56.29,/10.100.0.227,80,51365,00:09:0f:e5:2c:1e,58:91:cf:4b:fb:4a,Tue Jul 30 15:08:55 NPT 2013
/10.100.0.227,/137.254.56.29,51365,80,58:91:cf:4b:fb:4a,00:09:0f:e5:2c:1e,Tue Jul 30 15:08:55 NPT 2013
/137.254.56.29,/10.100.0.227,80,51365,00:09:0f:e5:2c:1e,58:91:cf:4b:fb:4a,Tue Jul 30 15:08:55 NPT 2013
/137.254.56.29,/10.100.0.227,80,51365,00:09:0f:e5:2c:1e,58:91:cf:4b:fb:4a,Tue Jul 30 15:08:55 NPT 2013
/10.100.0.227,/137.254.56.29,51365,80,58:91:cf:4b:fb:4a,00:09:0f:e5:2c:1e,Tue Jul 30 15:08:55 NPT 2013
/65.255.35.144,/10.100.0.227,80,51372,00:09:0f:e5:2c:1e,58:91:cf:4b:fb:4a,Tue Jul 30 15:08:55 NPT 2013
/65.255.35.144,/10.100.0.227,80,51372,00:09:0f:e5:2c:1e,58:91:cf:4b:fb:4a,Tue Jul 30 15:08:55 NPT 2013
/10.100.0.227,/65.255.35.144,51372,80,58:91:cf:4b:fb:4a,00:09:0f:e5:2c:1e,Tue Jul 30 15:08:56 NPT 2013
/137.254.56.29,/10.100.0.227,80,51365,00:09:0f:e5:2c:1e,58:91:cf:4b:fb:4a,Tue Jul 30 15:08:56 NPT 2013
/137.254.56.29,/10.100.0.227,80,51365,00:09:0f:e5:2c:1e,58:91:cf:4b:fb:4a,Tue Jul 30 15:08:56 NPT 2013
/10.100.0.227,/137.254.56.29,51365,80,58:91:cf:4b:fb:4a,00:09:0f:e5:2c:1e,Tue Jul 30 15:08:56 NPT 2013
/137.254.56.29,/10.100.0.227,80,51365,00:09:0f:e5:2c:1e,58:91:cf:4b:fb:4a,Tue Jul 30 15:08:56 NPT 2013
/137.254.56.29,/10.100.0.227,80,51365,00:09:0f:e5:2c:1e,58:91:cf:4b:fb:4a,Tue Jul 30 15:08:56 NPT 2013
/10.100.0.227,/137.254.56.29,51365,80,58:91:cf:4b:fb:4a,00:09:0f:e5:2c:1e,Tue Jul 30 15:08:56 NPT 2013
/137.254.56.29,/10.100.0.227,80,51365,00:09:0f:e5:2c:1e,58:91:cf:4b:fb:4a,Tue Jul 30 15:08:56 NPT 2013
/10.100.0.227,/137.254.56.29,51365,80,58:91:cf:4b:fb:4a,00:09:0f:e5:2c:1e,Tue Jul 30 15:08:56 NPT 2013
/137.254.56.29,/10.100.0.227,80,51365,00:09:0f:e5:2c:1e,58:91:cf:4b:fb:4a,Tue Jul 30 15:08:56 NPT 2013
/137.254.56.29,/10.100.0.227,80,51365,00:09:0f:e5:2c:1e,58:91:cf:4b:fb:4a,Tue Jul 30 15:08:56 NPT 2013
/10.100.0.227,/137.254.56.29,51365,80,58:91:cf:4b:fb:4a,00:09:0f:e5:2c:1e,Tue Jul 30 15:08:56 NPT 2013
/137.254.56.29,/10.100.0.227,80,51365,00:09:0f:e5:2c:1e,58:91:cf:4b:fb:4a,Tue Jul 30 15:08:56 NPT 2013
/137.254.56.29,/10.100.0.227,80,51365,00:09:0f:e5:2c:1e,58:91:cf:4b:fb:4a,Tue Jul 30 15:08:56 NPT 2013
/10.100.0.227,/137.254.56.29,51365,80,58:91:cf:4b:fb:4a,00:09:0f:e5:2c:1e,Tue Jul 30 15:08:56 NPT 2013
/137.254.56.29,/10.100.0.227,80,51365,00:09:0f:e5:2c:1e,58:91:cf:4b:fb:4a,Tue Jul 30 15:08:56 NPT 2013
/10.100.0.227,/137.254.56.29,51365,80,58:91:cf:4b:fb:4a,00:09:0f:e5:2c:1e,Tue Jul 30 15:08:56 NPT 2013
/137.254.56.29,/10.100.0.227,80,51365,00:09:0f:e5:2c:1e,58:91:cf:4b:fb:4a,Tue Jul 30 15:09:00 NPT 2013
/137.254.56.29,/10.100.0.227,80,51365,00:09:0f:e5:2c:1e,58:91:cf:4b:fb:4a,Tue Jul 30 15:09:00 NPT 2013
/10.100.0.227,/137.254.56.29,51365,80,58:91:cf:4b:fb:4a,00:09:0f:e5:2c:1e,Tue Jul 30 15:09:00 NPT 2013
/137.254.56.29,/10.100.0.227,80,51365,00:09:0f:e5:2c:1e,58:91:cf:4b:fb:4a,Tue Jul 30 15:09:00 NPT 2013
/137.254.56.29,/10.100.0.227,80,51365,00:09:0f:e5:2c:1e,58:91:cf:4b:fb:4a,Tue Jul 30 15:09:00 NPT 2013
/10.100.0.227,/137.254.56.29,51365,80,58:91:cf:4b:fb:4a,00:09:0f:e5:2c:1e,Tue Jul 30 15:09:00 NPT 2013
/137.254.56.29,/10.100.0.227,80,51365,00:09:0f:e5:2c:1e,58:91:cf:4b:fb:4a,Tue Jul 30 15:09:00 NPT 2013
/137.254.56.29,/10.100.0.227,80,51365,00:09:0f:e5:2c:1e,58:91:cf:4b:fb:4a,Tue Jul 30 15:09:00 NPT 2013
/10.100.0.227,/137.254.56.29,51365,80,58:91:cf:4b:fb:4a,00:09:0f:e5:2c:1e,Tue Jul 30 15:09:00 NPT 2013
/137.254.56.29,/10.100.0.227,80,51365,00:09:0f:e5:2c:1e,58:91:cf:4b:fb:4a,Tue Jul 30 15:09:00 NPT 2013
/10.100.0.227,/137.254.56.29,51365,80,58:91:cf:4b:fb:4a,00:09:0f:e5:2c:1e,Tue Jul 30 15:09:00 NPT 2013
/137.254.56.29,/10.100.0.227,80,51365,00:09:0f:e5:2c:1e,58:91:cf:4b:fb:4a,Tue Jul 30 15:09:00 NPT 2013
/10.100.0.227,/137.254.56.29,51365,80,58:91:cf:4b:fb:4a,00:09:0f:e5:2c:1e,Tue Jul 30 15:09:00 NPT 2013
/137.254.56.29,/10.100.0.227,80,51365,00:09:0f:e5:2c:1e,58:91:cf:4b:fb:4a,Tue Jul 30 15:09:00 NPT 2013
/10.100.0.227,/137.254.56.29,51365,80,58:91:cf:4b:fb:4a,00:09:0f:e5:2c:1e,Tue Jul 30 15:09:00 NPT 2013
/137.254.56.29,/10.100.0.227,80,51365,00:09:0f:e5:2c:1e,58:91:cf:4b:fb:4a,Tue Jul 30 15:09:00 NPT 2013
/10.100.0.227,/137.254.56.29,51365,80,58:91:cf:4b:fb:4a,00:09:0f:e5:2c:1e,Tue Jul 30 15:09:00 NPT 2013
/137.254.56.29,/10.100.0.227,80,51365,00:09:0f:e5:2c:1e,58:91:cf:4b:fb:4a,Tue Jul 30 15:09:00 NPT 2013
/10.100.0.227,/137.254.56.29,51365,80,58:91:cf:4b:fb:4a,00:09:0f:e5:2c:1e,Tue Jul 30 15:09:00 NPT 2013
/137.254.56.29,/10.100.0.227,80,51365,00:09:0f:e5:2c:1e,58:91:cf:4b:fb:4a,Tue Jul 30 15:09:00 NPT 2013
/137.254.56.29,/10.100.0.227,80,51365,00:09:0f:e5:2c:1e,58:91:cf:4b:fb:4a,Tue Jul 30 15:09:00 NPT 2013
/10.100.0.227,/137.254.56.29,51365,80,58:91:cf:4b:fb:4a,00:09:0f:e5:2c:1e,Tue Jul 30 15:09:00 NPT 2013
/137.254.56.29,/10.100.0.227,80,51365,00:09:0f:e5:2c:1e,58:91:cf:4b:fb:4a,Tue Jul 30 15:09:00 NPT 2013
/137.254.56.29,/10.100.0.227,80,51365,00:09:0f:e5:2c:1e,58:91:cf:4b:fb:4a,Tue Jul 30 15:09:00 NPT 2013
/10.100.0.227,/137.254.56.29,51365,80,58:91:cf:4b:fb:4a,00:09:0f:e5:2c:1e,Tue Jul 30 15:09:00 NPT 2013
/137.254.56.29,/10.100.0.227,80,51365,00:09:0f:e5:2c:1e,58:91:cf:4b:fb:4a,Tue Jul 30 15:09:00 NPT 2013
/137.254.56.29,/10.100.0.227,80,51365,00:09:0f:e5:2c:1e,58:91:cf:4b:fb:4a,Tue Jul 30 15:09:00 NPT 2013
/10.100.0.227,/137.254.56.29,51365,80,58:91:cf:4b:fb:4a,00:09:0f:e5:2c:1e,Tue Jul 30 15:09:00 NPT 2013
/10.100.0.227,/74.125.236.141,51263,80,58:91:cf:4b:fb:4a,00:09:0f:e5:2c:1e,Tue Jul 30 15:09:00 NPT 2013
/137.254.56.29,/10.100.0.227,80,51365,00:09:0f:e5:2c:1e,58:91:cf:4b:fb:4a,Tue Jul 30 15:09:00 NPT 2013
/137.254.56.29,/10.100.0.227,80,51365,00:09:0f:e5:2c:1e,58:91:cf:4b:fb:4a,Tue Jul 30 15:09:00 NPT 2013
/137.254.56.29,/10.100.0.227,80,51365,00:09:0f:e5:2c:1e,58:91:cf:4b:fb:4a,Tue Jul 30 15:09:00 NPT 2013
/137.254.56.29,/10.100.0.227,80,51365,00:09:0f:e5:2c:1e,58:91:cf:4b:fb:4a,Tue Jul 30 15:09:00 NPT 2013
/74.125.236.141,/10.100.0.227,80,51263,00:09:0f:e5:2c:1e,58:91:cf:4b:fb:4a,Tue Jul 30 15:09:01 NPT 2013
/10.100.0.227,/137.254.56.29,51365,80,58:91:cf:4b:fb:4a,00:09:0f:e5:2c:1e,Tue Jul 30 15:09:01 NPT 2013
/137.254.56.29,/10.100.0.227,80,51365,00:09:0f:e5:2c:1e,58:91:cf:4b:fb:4a,Tue Jul 30 15:09:01 NPT 2013
/10.100.0.227,/64.225.158.192,51360,80,58:91:cf:4b:fb:4a,00:09:0f:e5:2c:1e,Tue Jul 30 15:09:01 NPT 2013
/10.100.0.227,/137.254.56.29,51365,80,58:91:cf:4b:fb:4a,00:09:0f:e5:2c:1e,Tue Jul 30 15:09:01 NPT 2013
/64.225.158.192,/10.100.0.227,80,51360,00:09:0f:e5:2c:1e,58:91:cf:4b:fb:4a,Tue Jul 30 15:09:02 NPT 2013
/137.254.56.29,/10.100.0.227,80,51365,00:09:0f:e5:2c:1e,58:91:cf:4b:fb:4a,Tue Jul 30 15:09:02 NPT 2013
/137.254.56.29,/10.100.0.227,80,51365,00:09:0f:e5:2c:1e,58:91:cf:4b:fb:4a,Tue Jul 30 15:09:02 NPT 2013
/10.100.0.227,/137.254.56.29,51365,80,58:91:cf:4b:fb:4a,00:09:0f:e5:2c:1e,Tue Jul 30 15:09:02 NPT 2013
/137.254.56.29,/10.100.0.227,80,51365,00:09:0f:e5:2c:1e,58:91:cf:4b:fb:4a,Tue Jul 30 15:09:02 NPT 2013
/137.254.56.29,/10.100.0.227,80,51365,00:09:0f:e5:2c:1e,58:91:cf:4b:fb:4a,Tue Jul 30 15:09:02 NPT 2013
/10.100.0.227,/137.254.56.29,51365,80,58:91:cf:4b:fb:4a,00:09:0f:e5:2c:1e,Tue Jul 30 15:09:02 NPT 2013
/65.255.35.144,/10.100.0.227,80,51372,00:09:0f:e5:2c:1e,58:91:cf:4b:fb:4a,Tue Jul 30 15:09:05 NPT 2013
/10.100.0.227,/65.255.35.144,51372,80,58:91:cf:4b:fb:4a,00:09:0f:e5:2c:1e,Tue Jul 30 15:09:05 NPT 2013
/10.100.0.227,/65.255.35.144,51372,80,58:91:cf:4b:fb:4a,00:09:0f:e5:2c:1e,Tue Jul 30 15:09:05 NPT 2013
/65.255.35.144,/10.100.0.227,80,51372,00:09:0f:e5:2c:1e,58:91:cf:4b:fb:4a,Tue Jul 30 15:09:05 NPT 2013
/10.100.0.227,/65.255.35.144,51372,80,58:91:cf:4b:fb:4a,00:09:0f:e5:2c:1e,Tue Jul 30 15:09:05 NPT 2013
/65.255.35.144,/10.100.0.227,80,51372,00:09:0f:e5:2c:1e,58:91:cf:4b:fb:4a,Tue Jul 30 15:09:05 NPT 2013
/10.100.0.227,/65.255.35.144,51372,80,58:91:cf:4b:fb:4a,00:09:0f:e5:2c:1e,Tue Jul 30 15:09:05 NPT 2013
/65.255.35.144,/10.100.0.227,80,51372,00:09:0f:e5:2c:1e,58:91:cf:4b:fb:4a,Tue Jul 30 15:09:06 NPT 2013
/10.100.0.227,/137.254.56.29,51365,80,58:91:cf:4b:fb:4a,00:09:0f:e5:2c:1e,Tue Jul 30 15:09:07 NPT 2013
/137.254.56.29,/10.100.0.227,80,51365,00:09:0f:e5:2c:1e,58:91:cf:4b:fb:4a,Tue Jul 30 15:09:07 NPT 2013
/10.100.0.227,/111.119.15.32,51294,80,58:91:cf:4b:fb:4a,00:09:0f:e5:2c:1e,Tue Jul 30 15:09:08 NPT 2013
/10.100.0.227,/111.119.15.32,51293,80,58:91:cf:4b:fb:4a,00:09:0f:e5:2c:1e,Tue Jul 30 15:09:08 NPT 2013
/10.100.0.227,/173.194.36.51,51344,80,58:91:cf:4b:fb:4a,00:09:0f:e5:2c:1e,Tue Jul 30 15:09:23 NPT 2013
/10.100.0.227,/173.194.36.51,51351,80,58:91:cf:4b:fb:4a,00:09:0f:e5:2c:1e,Tue Jul 30 15:09:23 NPT 2013
/173.194.36.51,/10.100.0.227,80,51344,00:09:0f:e5:2c:1e,58:91:cf:4b:fb:4a,Tue Jul 30 15:09:23 NPT 2013
/173.194.36.51,/10.100.0.227,80,51351,00:09:0f:e5:2c:1e,58:91:cf:4b:fb:4a,Tue Jul 30 15:09:23 NPT 2013
/10.100.0.227,/173.194.36.51,51352,80,58:91:cf:4b:fb:4a,00:09:0f:e5:2c:1e,Tue Jul 30 15:09:28 NPT 2013
/10.100.0.227,/74.125.236.141,51310,80,58:91:cf:4b:fb:4a,00:09:0f:e5:2c:1e,Tue Jul 30 15:09:29 NPT 2013
/10.100.0.227,/74.125.236.141,51311,80,58:91:cf:4b:fb:4a,00:09:0f:e5:2c:1e,Tue Jul 30 15:09:29 NPT 2013
/173.194.36.51,/10.100.0.227,80,51352,00:09:0f:e5:2c:1e,58:91:cf:4b:fb:4a,Tue Jul 30 15:09:30 NPT 2013
/74.125.236.141,/10.100.0.227,80,51310,00:09:0f:e5:2c:1e,58:91:cf:4b:fb:4a,Tue Jul 30 15:09:30 NPT 2013
/74.125.236.141,/10.100.0.227,80,51311,00:09:0f:e5:2c:1e,58:91:cf:4b:fb:4a,Tue Jul 30 15:09:30 NPT 2013
/10.100.0.227,/74.125.236.41,51252,80,58:91:cf:4b:fb:4a,00:09:0f:e5:2c:1e,Tue Jul 30 15:09:39 NPT 2013
/74.125.236.41,/10.100.0.227,80,51252,00:09:0f:e5:2c:1e,58:91:cf:4b:fb:4a,Tue Jul 30 15:09:39 NPT 2013
/10.100.0.227,/74.125.236.141,51263,80,58:91:cf:4b:fb:4a,00:09:0f:e5:2c:1e,Tue Jul 30 15:09:46 NPT 2013
/10.100.0.227,/64.225.158.192,51360,80,58:91:cf:4b:fb:4a,00:09:0f:e5:2c:1e,Tue Jul 30 15:09:47 NPT 2013
/74.125.236.141,/10.100.0.227,80,51263,00:09:0f:e5:2c:1e,58:91:cf:4b:fb:4a,Tue Jul 30 15:09:51 NPT 2013
/64.225.158.192,/10.100.0.227,80,51360,00:09:0f:e5:2c:1e,58:91:cf:4b:fb:4a,Tue Jul 30 15:09:51 NPT 2013
/74.125.236.141,/10.100.0.227,80,51263,00:09:0f:e5:2c:1e,58:91:cf:4b:fb:4a,Tue Jul 30 15:09:58 NPT 2013
/10.100.0.227,/74.125.236.141,51263,80,58:91:cf:4b:fb:4a,00:09:0f:e5:2c:1e,Tue Jul 30 15:09:58 NPT 2013
/10.100.0.227,/74.125.236.141,51263,80,58:91:cf:4b:fb:4a,00:09:0f:e5:2c:1e,Tue Jul 30 15:10:07 NPT 2013
/74.125.236.141,/10.100.0.227,80,51263,00:09:0f:e5:2c:1e,58:91:cf:4b:fb:4a,Tue Jul 30 15:10:08 NPT 2013
/10.100.0.227,/173.194.36.51,51344,80,58:91:cf:4b:fb:4a,00:09:0f:e5:2c:1e,Tue Jul 30 15:10:08 NPT 2013
/10.100.0.227,/173.194.36.51,51351,80,58:91:cf:4b:fb:4a,00:09:0f:e5:2c:1e,Tue Jul 30 15:10:08 NPT 2013
/173.194.36.51,/10.100.0.227,80,51344,00:09:0f:e5:2c:1e,58:91:cf:4b:fb:4a,Tue Jul 30 15:10:14 NPT 2013
/173.194.36.51,/10.100.0.227,80,51351,00:09:0f:e5:2c:1e,58:91:cf:4b:fb:4a,Tue Jul 30 15:10:14 NPT 2013
/10.100.0.227,/74.125.236.141,51310,80,58:91:cf:4b:fb:4a,00:09:0f:e5:2c:1e,Tue Jul 30 15:10:15 NPT 2013
/10.100.0.227,/74.125.236.141,51311,80,58:91:cf:4b:fb:4a,00:09:0f:e5:2c:1e,Tue Jul 30 15:10:15 NPT 2013
/10.100.0.227,/173.194.36.51,51352,80,58:91:cf:4b:fb:4a,00:09:0f:e5:2c:1e,Tue Jul 30 15:10:15 NPT 2013
/74.125.236.141,/10.100.0.227,80,51310,00:09:0f:e5:2c:1e,58:91:cf:4b:fb:4a,Tue Jul 30 15:10:15 NPT 2013
/74.125.236.141,/10.100.0.227,80,51311,00:09:0f:e5:2c:1e,58:91:cf:4b:fb:4a,Tue Jul 30 15:10:15 NPT 2013
/173.194.36.51,/10.100.0.227,80,51352,00:09:0f:e5:2c:1e,58:91:cf:4b:fb:4a,Tue Jul 30 15:10:16 NPT 2013
/10.100.0.227,/74.125.236.41,51252,80,58:91:cf:4b:fb:4a,00:09:0f:e5:2c:1e,Tue Jul 30 15:10:24 NPT 2013
/74.125.236.41,/10.100.0.227,80,51252,00:09:0f:e5:2c:1e,58:91:cf:4b:fb:4a,Tue Jul 30 15:10:24 NPT 2013
/74.125.236.141,/10.100.0.227,80,51310,00:09:0f:e5:2c:1e,58:91:cf:4b:fb:4a,Tue Jul 30 15:10:25 NPT 2013
/10.100.0.227,/74.125.236.141,51310,80,58:91:cf:4b:fb:4a,00:09:0f:e5:2c:1e,Tue Jul 30 15:10:25 NPT 2013
/74.125.236.141,/10.100.0.227,80,51311,00:09:0f:e5:2c:1e,58:91:cf:4b:fb:4a,Tue Jul 30 15:10:26 NPT 2013
/10.100.0.227,/74.125.236.141,51311,80,58:91:cf:4b:fb:4a,00:09:0f:e5:2c:1e,Tue Jul 30 15:10:26 NPT 2013
/10.100.0.227,/74.125.236.141,51311,80,58:91:cf:4b:fb:4a,00:09:0f:e5:2c:1e,Tue Jul 30 15:10:27 NPT 2013
/10.100.0.227,/74.125.236.141,51310,80,58:91:cf:4b:fb:4a,00:09:0f:e5:2c:1e,Tue Jul 30 15:10:27 NPT 2013
/74.125.236.141,/10.100.0.227,80,51311,00:09:0f:e5:2c:1e,58:91:cf:4b:fb:4a,Tue Jul 30 15:10:28 NPT 2013
/74.125.236.141,/10.100.0.227,80,51310,00:09:0f:e5:2c:1e,58:91:cf:4b:fb:4a,Tue Jul 30 15:10:28 NPT 2013
/10.100.0.227,/64.225.158.192,51360,80,58:91:cf:4b:fb:4a,00:09:0f:e5:2c:1e,Tue Jul 30 15:10:36 NPT 2013
/64.225.158.192,/10.100.0.227,80,51360,00:09:0f:e5:2c:1e,58:91:cf:4b:fb:4a,Tue Jul 30 15:10:41 NPT 2013
/10.100.0.227,/65.255.35.148,51379,80,58:91:cf:4b:fb:4a,00:09:0f:e5:2c:1e,Tue Jul 30 15:10:42 NPT 2013
/10.100.0.227,/65.255.35.148,51379,80,58:91:cf:4b:fb:4a,00:09:0f:e5:2c:1e,Tue Jul 30 15:10:45 NPT 2013
/65.255.35.148,/10.100.0.227,80,51379,00:09:0f:e5:2c:1e,58:91:cf:4b:fb:4a,Tue Jul 30 15:10:46 NPT 2013
/10.100.0.227,/65.255.35.148,51379,80,58:91:cf:4b:fb:4a,00:09:0f:e5:2c:1e,Tue Jul 30 15:10:46 NPT 2013
/65.255.35.148,/10.100.0.227,80,51379,00:09:0f:e5:2c:1e,58:91:cf:4b:fb:4a,Tue Jul 30 15:10:46 NPT 2013
/10.100.0.227,/65.255.35.148,51379,80,58:91:cf:4b:fb:4a,00:09:0f:e5:2c:1e,Tue Jul 30 15:10:46 NPT 2013
/10.100.0.227,/65.255.35.148,51379,80,58:91:cf:4b:fb:4a,00:09:0f:e5:2c:1e,Tue Jul 30 15:10:46 NPT 2013
/10.100.0.227,/65.255.35.148,51380,80,58:91:cf:4b:fb:4a,00:09:0f:e5:2c:1e,Tue Jul 30 15:10:46 NPT 2013
/65.255.35.148,/10.100.0.227,80,51380,00:09:0f:e5:2c:1e,58:91:cf:4b:fb:4a,Tue Jul 30 15:10:47 NPT 2013
/10.100.0.227,/65.255.35.148,51380,80,58:91:cf:4b:fb:4a,00:09:0f:e5:2c:1e,Tue Jul 30 15:10:47 NPT 2013
/65.255.35.148,/10.100.0.227,80,51379,00:09:0f:e5:2c:1e,58:91:cf:4b:fb:4a,Tue Jul 30 15:10:47 NPT 2013
/10.100.0.227,/65.255.35.148,51379,80,58:91:cf:4b:fb:4a,00:09:0f:e5:2c:1e,Tue Jul 30 15:10:47 NPT 2013
/10.100.0.227,/65.255.35.148,51380,80,58:91:cf:4b:fb:4a,00:09:0f:e5:2c:1e,Tue Jul 30 15:10:47 NPT 2013
/10.100.0.227,/65.255.35.148,51381,80,58:91:cf:4b:fb:4a,00:09:0f:e5:2c:1e,Tue Jul 30 15:10:47 NPT 2013
/10.100.0.227,/65.255.35.148,51382,80,58:91:cf:4b:fb:4a,00:09:0f:e5:2c:1e,Tue Jul 30 15:10:47 NPT 2013
/65.255.35.148,/10.100.0.227,80,51380,00:09:0f:e5:2c:1e,58:91:cf:4b:fb:4a,Tue Jul 30 15:10:47 NPT 2013
/10.100.0.227,/65.255.35.148,51380,80,58:91:cf:4b:fb:4a,00:09:0f:e5:2c:1e,Tue Jul 30 15:10:47 NPT 2013
/65.255.35.148,/10.100.0.227,80,51381,00:09:0f:e5:2c:1e,58:91:cf:4b:fb:4a,Tue Jul 30 15:10:47 NPT 2013
/10.100.0.227,/65.255.35.148,51381,80,58:91:cf:4b:fb:4a,00:09:0f:e5:2c:1e,Tue Jul 30 15:10:47 NPT 2013
/10.100.0.227,/65.255.35.148,51381,80,58:91:cf:4b:fb:4a,00:09:0f:e5:2c:1e,Tue Jul 30 15:10:47 NPT 2013
/10.100.0.227,/65.255.35.148,51381,80,58:91:cf:4b:fb:4a,00:09:0f:e5:2c:1e,Tue Jul 30 15:10:49 NPT 2013
/10.100.0.227,/65.255.35.148,51382,80,58:91:cf:4b:fb:4a,00:09:0f:e5:2c:1e,Tue Jul 30 15:10:50 NPT 2013
/10.100.0.227,/65.255.35.148,51381,80,58:91:cf:4b:fb:4a,00:09:0f:e5:2c:1e,Tue Jul 30 15:10:52 NPT 2013
/65.255.35.148,/10.100.0.227,80,51381,00:09:0f:e5:2c:1e,58:91:cf:4b:fb:4a,Tue Jul 30 15:10:52 NPT 2013
/65.255.35.148,/10.100.0.227,80,51381,00:09:0f:e5:2c:1e,58:91:cf:4b:fb:4a,Tue Jul 30 15:10:52 NPT 2013
/65.255.35.148,/10.100.0.227,80,51381,00:09:0f:e5:2c:1e,58:91:cf:4b:fb:4a,Tue Jul 30 15:10:52 NPT 2013
/65.255.35.148,/10.100.0.227,80,51382,00:09:0f:e5:2c:1e,58:91:cf:4b:fb:4a,Tue Jul 30 15:10:52 NPT 2013
/10.100.0.227,/65.255.35.148,51382,80,58:91:cf:4b:fb:4a,00:09:0f:e5:2c:1e,Tue Jul 30 15:10:52 NPT 2013
/10.100.0.227,/65.255.35.148,51382,80,58:91:cf:4b:fb:4a,00:09:0f:e5:2c:1e,Tue Jul 30 15:10:52 NPT 2013
/65.255.35.148,/10.100.0.227,80,51381,00:09:0f:e5:2c:1e,58:91:cf:4b:fb:4a,Tue Jul 30 15:10:52 NPT 2013
/10.100.0.227,/65.255.35.148,51381,80,58:91:cf:4b:fb:4a,00:09:0f:e5:2c:1e,Tue Jul 30 15:10:52 NPT 2013
/65.255.35.148,/10.100.0.227,80,51381,00:09:0f:e5:2c:1e,58:91:cf:4b:fb:4a,Tue Jul 30 15:10:52 NPT 2013
/65.255.35.148,/10.100.0.227,80,51382,00:09:0f:e5:2c:1e,58:91:cf:4b:fb:4a,Tue Jul 30 15:10:53 NPT 2013
/10.100.0.227,/65.255.35.148,51382,80,58:91:cf:4b:fb:4a,00:09:0f:e5:2c:1e,Tue Jul 30 15:10:53 NPT 2013
/10.100.0.227,/173.194.36.51,51344,80,58:91:cf:4b:fb:4a,00:09:0f:e5:2c:1e,Tue Jul 30 15:10:59 NPT 2013
/10.100.0.227,/173.194.36.51,51351,80,58:91:cf:4b:fb:4a,00:09:0f:e5:2c:1e,Tue Jul 30 15:10:59 NPT 2013
/65.255.35.148,/10.100.0.227,80,51381,00:09:0f:e5:2c:1e,58:91:cf:4b:fb:4a,Tue Jul 30 15:11:00 NPT 2013
/10.100.0.227,/65.255.35.148,51381,80,58:91:cf:4b:fb:4a,00:09:0f:e5:2c:1e,Tue Jul 30 15:11:00 NPT 2013
/10.100.0.227,/65.255.35.148,51381,80,58:91:cf:4b:fb:4a,00:09:0f:e5:2c:1e,Tue Jul 30 15:11:00 NPT 2013
/173.194.36.51,/10.100.0.227,80,51344,00:09:0f:e5:2c:1e,58:91:cf:4b:fb:4a,Tue Jul 30 15:11:00 NPT 2013
/173.194.36.51,/10.100.0.227,80,51351,00:09:0f:e5:2c:1e,58:91:cf:4b:fb:4a,Tue Jul 30 15:11:00 NPT 2013
/10.100.0.227,/173.194.36.51,51352,80,58:91:cf:4b:fb:4a,00:09:0f:e5:2c:1e,Tue Jul 30 15:11:01 NPT 2013
/65.255.35.148,/10.100.0.227,80,51381,00:09:0f:e5:2c:1e,58:91:cf:4b:fb:4a,Tue Jul 30 15:11:01 NPT 2013
/173.194.36.51,/10.100.0.227,80,51352,00:09:0f:e5:2c:1e,58:91:cf:4b:fb:4a,Tue Jul 30 15:11:01 NPT 2013
/173.194.36.51,/10.100.0.227,80,51351,00:09:0f:e5:2c:1e,58:91:cf:4b:fb:4a,Tue Jul 30 15:11:03 NPT 2013
/10.100.0.227,/173.194.36.51,51351,80,58:91:cf:4b:fb:4a,00:09:0f:e5:2c:1e,Tue Jul 30 15:11:03 NPT 2013
/173.194.36.51,/10.100.0.227,80,51344,00:09:0f:e5:2c:1e,58:91:cf:4b:fb:4a,Tue Jul 30 15:11:03 NPT 2013
/10.100.0.227,/173.194.36.51,51344,80,58:91:cf:4b:fb:4a,00:09:0f:e5:2c:1e,Tue Jul 30 15:11:03 NPT 2013
/173.194.36.51,/10.100.0.227,80,51352,00:09:0f:e5:2c:1e,58:91:cf:4b:fb:4a,Tue Jul 30 15:11:03 NPT 2013
/10.100.0.227,/173.194.36.51,51352,80,58:91:cf:4b:fb:4a,00:09:0f:e5:2c:1e,Tue Jul 30 15:11:03 NPT 2013
/10.100.0.227,/65.255.35.148,51383,80,58:91:cf:4b:fb:4a,00:09:0f:e5:2c:1e,Tue Jul 30 15:11:04 NPT 2013
/10.100.0.227,/65.255.35.148,51383,80,58:91:cf:4b:fb:4a,00:09:0f:e5:2c:1e,Tue Jul 30 15:11:07 NPT 2013
/10.100.0.227,/173.194.36.51,51351,80,58:91:cf:4b:fb:4a,00:09:0f:e5:2c:1e,Tue Jul 30 15:11:07 NPT 2013
/10.100.0.227,/173.194.36.51,51344,80,58:91:cf:4b:fb:4a,00:09:0f:e5:2c:1e,Tue Jul 30 15:11:07 NPT 2013
/10.100.0.227,/173.194.36.51,51352,80,58:91:cf:4b:fb:4a,00:09:0f:e5:2c:1e,Tue Jul 30 15:11:07 NPT 2013
/10.100.0.227,/173.194.36.51,51344,80,58:91:cf:4b:fb:4a,00:09:0f:e5:2c:1e,Tue Jul 30 15:11:08 NPT 2013
/10.100.0.227,/74.125.236.41,51252,80,58:91:cf:4b:fb:4a,00:09:0f:e5:2c:1e,Tue Jul 30 15:11:09 NPT 2013
/10.100.0.227,/173.194.36.51,51344,80,58:91:cf:4b:fb:4a,00:09:0f:e5:2c:1e,Tue Jul 30 15:11:09 NPT 2013
/65.255.35.148,/10.100.0.227,80,51383,00:09:0f:e5:2c:1e,58:91:cf:4b:fb:4a,Tue Jul 30 15:11:10 NPT 2013
/10.100.0.227,/65.255.35.148,51383,80,58:91:cf:4b:fb:4a,00:09:0f:e5:2c:1e,Tue Jul 30 15:11:10 NPT 2013
/65.255.35.148,/10.100.0.227,80,51383,00:09:0f:e5:2c:1e,58:91:cf:4b:fb:4a,Tue Jul 30 15:11:10 NPT 2013
/10.100.0.227,/65.255.35.148,51383,80,58:91:cf:4b:fb:4a,00:09:0f:e5:2c:1e,Tue Jul 30 15:11:10 NPT 2013
/10.100.0.227,/65.255.35.148,51383,80,58:91:cf:4b:fb:4a,00:09:0f:e5:2c:1e,Tue Jul 30 15:11:10 NPT 2013
/173.194.36.51,/10.100.0.227,80,51351,00:09:0f:e5:2c:1e,58:91:cf:4b:fb:4a,Tue Jul 30 15:11:10 NPT 2013
/173.194.36.51,/10.100.0.227,80,51344,00:09:0f:e5:2c:1e,58:91:cf:4b:fb:4a,Tue Jul 30 15:11:10 NPT 2013
/173.194.36.51,/10.100.0.227,80,51352,00:09:0f:e5:2c:1e,58:91:cf:4b:fb:4a,Tue Jul 30 15:11:10 NPT 2013
/173.194.36.51,/10.100.0.227,80,51344,00:09:0f:e5:2c:1e,58:91:cf:4b:fb:4a,Tue Jul 30 15:11:10 NPT 2013
/74.125.236.41,/10.100.0.227,80,51252,00:09:0f:e5:2c:1e,58:91:cf:4b:fb:4a,Tue Jul 30 15:11:10 NPT 2013
/65.255.35.148,/10.100.0.227,80,51383,00:09:0f:e5:2c:1e,58:91:cf:4b:fb:4a,Tue Jul 30 15:11:10 NPT 2013
/10.100.0.227,/65.255.35.148,51383,80,58:91:cf:4b:fb:4a,00:09:0f:e5:2c:1e,Tue Jul 30 15:11:10 NPT 2013
/74.125.236.41,/10.100.0.227,80,51252,00:09:0f:e5:2c:1e,58:91:cf:4b:fb:4a,Tue Jul 30 15:11:22 NPT 2013
/10.100.0.227,/74.125.236.41,51252,80,58:91:cf:4b:fb:4a,00:09:0f:e5:2c:1e,Tue Jul 30 15:11:22 NPT 2013
/10.100.0.227,/64.225.158.192,51360,80,58:91:cf:4b:fb:4a,00:09:0f:e5:2c:1e,Tue Jul 30 15:11:26 NPT 2013
/64.225.158.192,/10.100.0.227,80,51360,00:09:0f:e5:2c:1e,58:91:cf:4b:fb:4a,Tue Jul 30 15:11:26 NPT 2013
/10.100.0.227,/74.125.236.41,51252,80,58:91:cf:4b:fb:4a,00:09:0f:e5:2c:1e,Tue Jul 30 15:11:27 NPT 2013
/74.125.236.41,/10.100.0.227,80,51252,00:09:0f:e5:2c:1e,58:91:cf:4b:fb:4a,Tue Jul 30 15:11:28 NPT 2013
/10.100.0.227,/64.225.158.191,51384,80,58:91:cf:4b:fb:4a,00:09:0f:e5:2c:1e,Tue Jul 30 15:13:13 NPT 2013
/64.225.158.191,/10.100.0.227,80,51384,00:09:0f:e5:2c:1e,58:91:cf:4b:fb:4a,Tue Jul 30 15:13:14 NPT 2013
/10.100.0.227,/64.225.158.191,51384,80,58:91:cf:4b:fb:4a,00:09:0f:e5:2c:1e,Tue Jul 30 15:13:14 NPT 2013
/64.225.158.191,/10.100.0.227,80,51384,00:09:0f:e5:2c:1e,58:91:cf:4b:fb:4a,Tue Jul 30 15:13:14 NPT 2013
/10.100.0.227,/64.225.158.191,51384,80,58:91:cf:4b:fb:4a,00:09:0f:e5:2c:1e,Tue Jul 30 15:13:14 NPT 2013
/64.225.158.191,/10.100.0.227,80,51384,00:09:0f:e5:2c:1e,58:91:cf:4b:fb:4a,Tue Jul 30 15:13:14 NPT 2013
/10.100.0.227,/64.225.158.191,51384,80,58:91:cf:4b:fb:4a,00:09:0f:e5:2c:1e,Tue Jul 30 15:13:14 NPT 2013
/10.100.0.227,/64.225.158.191,51384,80,58:91:cf:4b:fb:4a,00:09:0f:e5:2c:1e,Tue Jul 30 15:13:14 NPT 2013
/64.225.158.191,/10.100.0.227,80,51384,00:09:0f:e5:2c:1e,58:91:cf:4b:fb:4a,Tue Jul 30 15:13:14 NPT 2013
/64.225.158.191,/10.100.0.227,80,51384,00:09:0f:e5:2c:1e,58:91:cf:4b:fb:4a,Tue Jul 30 15:13:14 NPT 2013
/64.225.158.191,/10.100.0.227,80,51384,00:09:0f:e5:2c:1e,58:91:cf:4b:fb:4a,Tue Jul 30 15:13:14 NPT 2013
/10.100.0.227,/64.225.158.191,51384,80,58:91:cf:4b:fb:4a,00:09:0f:e5:2c:1e,Tue Jul 30 15:13:14 NPT 2013
/10.100.0.227,/74.125.236.192,51385,80,58:91:cf:4b:fb:4a,00:09:0f:e5:2c:1e,Tue Jul 30 15:13:14 NPT 2013
/74.125.236.192,/10.100.0.227,80,51385,00:09:0f:e5:2c:1e,58:91:cf:4b:fb:4a,Tue Jul 30 15:13:15 NPT 2013
/10.100.0.227,/74.125.236.192,51385,80,58:91:cf:4b:fb:4a,00:09:0f:e5:2c:1e,Tue Jul 30 15:13:15 NPT 2013
/10.100.0.227,/74.125.236.192,51385,80,58:91:cf:4b:fb:4a,00:09:0f:e5:2c:1e,Tue Jul 30 15:13:15 NPT 2013
/74.125.236.192,/10.100.0.227,80,51385,00:09:0f:e5:2c:1e,58:91:cf:4b:fb:4a,Tue Jul 30 15:13:15 NPT 2013
/74.125.236.192,/10.100.0.227,80,51385,00:09:0f:e5:2c:1e,58:91:cf:4b:fb:4a,Tue Jul 30 15:13:15 NPT 2013
/64.225.158.191,/10.100.0.227,80,51384,00:09:0f:e5:2c:1e,58:91:cf:4b:fb:4a,Tue Jul 30 15:13:15 NPT 2013
/64.225.158.191,/10.100.0.227,80,51384,00:09:0f:e5:2c:1e,58:91:cf:4b:fb:4a,Tue Jul 30 15:13:15 NPT 2013
/10.100.0.227,/64.225.158.191,51384,80,58:91:cf:4b:fb:4a,00:09:0f:e5:2c:1e,Tue Jul 30 15:13:15 NPT 2013
/64.225.158.191,/10.100.0.227,80,51384,00:09:0f:e5:2c:1e,58:91:cf:4b:fb:4a,Tue Jul 30 15:13:15 NPT 2013
/10.100.0.227,/173.252.112.23,51386,80,58:91:cf:4b:fb:4a,00:09:0f:e5:2c:1e,Tue Jul 30 15:13:15 NPT 2013
/10.100.0.227,/173.252.112.23,51387,80,58:91:cf:4b:fb:4a,00:09:0f:e5:2c:1e,Tue Jul 30 15:13:15 NPT 2013
/10.100.0.227,/74.125.236.121,51388,80,58:91:cf:4b:fb:4a,00:09:0f:e5:2c:1e,Tue Jul 30 15:13:15 NPT 2013
/10.100.0.227,/74.125.236.109,51389,80,58:91:cf:4b:fb:4a,00:09:0f:e5:2c:1e,Tue Jul 30 15:13:15 NPT 2013
/74.125.236.121,/10.100.0.227,80,51388,00:09:0f:e5:2c:1e,58:91:cf:4b:fb:4a,Tue Jul 30 15:13:15 NPT 2013
/10.100.0.227,/74.125.236.121,51388,80,58:91:cf:4b:fb:4a,00:09:0f:e5:2c:1e,Tue Jul 30 15:13:15 NPT 2013
/10.100.0.227,/64.225.158.191,51384,80,58:91:cf:4b:fb:4a,00:09:0f:e5:2c:1e,Tue Jul 30 15:13:15 NPT 2013
/10.100.0.227,/74.125.236.192,51385,80,58:91:cf:4b:fb:4a,00:09:0f:e5:2c:1e,Tue Jul 30 15:13:15 NPT 2013
/10.100.0.227,/74.125.236.109,51390,80,58:91:cf:4b:fb:4a,00:09:0f:e5:2c:1e,Tue Jul 30 15:13:15 NPT 2013
/64.225.158.191,/10.100.0.227,80,51384,00:09:0f:e5:2c:1e,58:91:cf:4b:fb:4a,Tue Jul 30 15:13:17 NPT 2013
/10.100.0.227,/64.225.158.191,51384,80,58:91:cf:4b:fb:4a,00:09:0f:e5:2c:1e,Tue Jul 30 15:13:17 NPT 2013
/64.225.158.191,/10.100.0.227,80,51384,00:09:0f:e5:2c:1e,58:91:cf:4b:fb:4a,Tue Jul 30 15:13:17 NPT 2013
/10.100.0.227,/64.225.158.191,51384,80,58:91:cf:4b:fb:4a,00:09:0f:e5:2c:1e,Tue Jul 30 15:13:17 NPT 2013
/74.125.236.109,/10.100.0.227,80,51390,00:09:0f:e5:2c:1e,58:91:cf:4b:fb:4a,Tue Jul 30 15:13:17 NPT 2013
/10.100.0.227,/74.125.236.109,51390,80,58:91:cf:4b:fb:4a,00:09:0f:e5:2c:1e,Tue Jul 30 15:13:17 NPT 2013
/74.125.236.109,/10.100.0.227,80,51389,00:09:0f:e5:2c:1e,58:91:cf:4b:fb:4a,Tue Jul 30 15:13:17 NPT 2013
/10.100.0.227,/74.125.236.109,51389,80,58:91:cf:4b:fb:4a,00:09:0f:e5:2c:1e,Tue Jul 30 15:13:17 NPT 2013
/74.125.236.109,/10.100.0.227,80,51390,00:09:0f:e5:2c:1e,58:91:cf:4b:fb:4a,Tue Jul 30 15:13:17 NPT 2013
/10.100.0.227,/74.125.236.109,51390,80,58:91:cf:4b:fb:4a,00:09:0f:e5:2c:1e,Tue Jul 30 15:13:17 NPT 2013
/173.252.112.23,/10.100.0.227,80,51387,00:09:0f:e5:2c:1e,58:91:cf:4b:fb:4a,Tue Jul 30 15:13:17 NPT 2013
/10.100.0.227,/173.252.112.23,51387,80,58:91:cf:4b:fb:4a,00:09:0f:e5:2c:1e,Tue Jul 30 15:13:17 NPT 2013
/173.252.112.23,/10.100.0.227,80,51386,00:09:0f:e5:2c:1e,58:91:cf:4b:fb:4a,Tue Jul 30 15:13:17 NPT 2013
/10.100.0.227,/173.252.112.23,51386,80,58:91:cf:4b:fb:4a,00:09:0f:e5:2c:1e,Tue Jul 30 15:13:17 NPT 2013
/74.125.236.109,/10.100.0.227,80,51389,00:09:0f:e5:2c:1e,58:91:cf:4b:fb:4a,Tue Jul 30 15:13:17 NPT 2013
/10.100.0.227,/74.125.236.109,51389,80,58:91:cf:4b:fb:4a,00:09:0f:e5:2c:1e,Tue Jul 30 15:13:17 NPT 2013
/74.125.236.109,/10.100.0.227,80,51390,00:09:0f:e5:2c:1e,58:91:cf:4b:fb:4a,Tue Jul 30 15:13:17 NPT 2013
/10.100.0.227,/74.125.236.109,51390,80,58:91:cf:4b:fb:4a,00:09:0f:e5:2c:1e,Tue Jul 30 15:13:17 NPT 2013
/173.252.112.23,/10.100.0.227,80,51387,00:09:0f:e5:2c:1e,58:91:cf:4b:fb:4a,Tue Jul 30 15:13:17 NPT 2013
/10.100.0.227,/173.252.112.23,51387,80,58:91:cf:4b:fb:4a,00:09:0f:e5:2c:1e,Tue Jul 30 15:13:17 NPT 2013
/173.252.112.23,/10.100.0.227,80,51386,00:09:0f:e5:2c:1e,58:91:cf:4b:fb:4a,Tue Jul 30 15:13:17 NPT 2013
/10.100.0.227,/173.252.112.23,51386,80,58:91:cf:4b:fb:4a,00:09:0f:e5:2c:1e,Tue Jul 30 15:13:17 NPT 2013
/64.225.158.191,/10.100.0.227,80,51384,00:09:0f:e5:2c:1e,58:91:cf:4b:fb:4a,Tue Jul 30 15:13:17 NPT 2013
/10.100.0.227,/64.225.158.191,51384,80,58:91:cf:4b:fb:4a,00:09:0f:e5:2c:1e,Tue Jul 30 15:13:17 NPT 2013
/173.252.112.23,/10.100.0.227,80,51387,00:09:0f:e5:2c:1e,58:91:cf:4b:fb:4a,Tue Jul 30 15:13:17 NPT 2013
/10.100.0.227,/173.252.112.23,51387,80,58:91:cf:4b:fb:4a,00:09:0f:e5:2c:1e,Tue Jul 30 15:13:17 NPT 2013
/173.252.112.23,/10.100.0.227,80,51386,00:09:0f:e5:2c:1e,58:91:cf:4b:fb:4a,Tue Jul 30 15:13:17 NPT 2013
/10.100.0.227,/173.252.112.23,51386,80,58:91:cf:4b:fb:4a,00:09:0f:e5:2c:1e,Tue Jul 30 15:13:17 NPT 2013
/74.125.236.109,/10.100.0.227,80,51389,00:09:0f:e5:2c:1e,58:91:cf:4b:fb:4a,Tue Jul 30 15:13:17 NPT 2013
/10.100.0.227,/74.125.236.109,51389,80,58:91:cf:4b:fb:4a,00:09:0f:e5:2c:1e,Tue Jul 30 15:13:17 NPT 2013
/173.252.112.23,/10.100.0.227,80,51386,00:09:0f:e5:2c:1e,58:91:cf:4b:fb:4a,Tue Jul 30 15:13:17 NPT 2013
/10.100.0.227,/173.252.112.23,51386,80,58:91:cf:4b:fb:4a,00:09:0f:e5:2c:1e,Tue Jul 30 15:13:17 NPT 2013
/64.225.158.191,/10.100.0.227,80,51384,00:09:0f:e5:2c:1e,58:91:cf:4b:fb:4a,Tue Jul 30 15:13:17 NPT 2013
/10.100.0.227,/64.225.158.191,51384,80,58:91:cf:4b:fb:4a,00:09:0f:e5:2c:1e,Tue Jul 30 15:13:17 NPT 2013
/64.225.158.191,/10.100.0.227,80,51384,00:09:0f:e5:2c:1e,58:91:cf:4b:fb:4a,Tue Jul 30 15:13:17 NPT 2013
/10.100.0.227,/64.225.158.191,51384,80,58:91:cf:4b:fb:4a,00:09:0f:e5:2c:1e,Tue Jul 30 15:13:17 NPT 2013
/64.225.158.191,/10.100.0.227,80,51384,00:09:0f:e5:2c:1e,58:91:cf:4b:fb:4a,Tue Jul 30 15:13:17 NPT 2013
/10.100.0.227,/64.225.158.191,51384,80,58:91:cf:4b:fb:4a,00:09:0f:e5:2c:1e,Tue Jul 30 15:13:17 NPT 2013
/173.252.112.23,/10.100.0.227,80,51387,00:09:0f:e5:2c:1e,58:91:cf:4b:fb:4a,Tue Jul 30 15:13:17 NPT 2013
/10.100.0.227,/173.252.112.23,51387,80,58:91:cf:4b:fb:4a,00:09:0f:e5:2c:1e,Tue Jul 30 15:13:17 NPT 2013
/10.100.0.227,/74.125.236.109,51390,80,58:91:cf:4b:fb:4a,00:09:0f:e5:2c:1e,Tue Jul 30 15:13:17 NPT 2013
/74.125.236.109,/10.100.0.227,80,51390,00:09:0f:e5:2c:1e,58:91:cf:4b:fb:4a,Tue Jul 30 15:13:18 NPT 2013
/10.100.0.227,/74.125.236.109,51390,80,58:91:cf:4b:fb:4a,00:09:0f:e5:2c:1e,Tue Jul 30 15:13:18 NPT 2013
/173.252.112.23,/10.100.0.227,80,51387,00:09:0f:e5:2c:1e,58:91:cf:4b:fb:4a,Tue Jul 30 15:13:18 NPT 2013
/10.100.0.227,/173.252.112.23,51387,80,58:91:cf:4b:fb:4a,00:09:0f:e5:2c:1e,Tue Jul 30 15:13:18 NPT 2013
/173.252.112.23,/10.100.0.227,80,51386,00:09:0f:e5:2c:1e,58:91:cf:4b:fb:4a,Tue Jul 30 15:13:18 NPT 2013
/10.100.0.227,/173.252.112.23,51386,80,58:91:cf:4b:fb:4a,00:09:0f:e5:2c:1e,Tue Jul 30 15:13:18 NPT 2013
/74.125.236.109,/10.100.0.227,80,51390,00:09:0f:e5:2c:1e,58:91:cf:4b:fb:4a,Tue Jul 30 15:13:18 NPT 2013
/64.225.158.191,/10.100.0.227,80,51384,00:09:0f:e5:2c:1e,58:91:cf:4b:fb:4a,Tue Jul 30 15:13:18 NPT 2013
/10.100.0.227,/64.225.158.191,51384,80,58:91:cf:4b:fb:4a,00:09:0f:e5:2c:1e,Tue Jul 30 15:13:18 NPT 2013
/64.225.158.191,/10.100.0.227,80,51384,00:09:0f:e5:2c:1e,58:91:cf:4b:fb:4a,Tue Jul 30 15:13:18 NPT 2013
/10.100.0.227,/64.225.158.191,51384,80,58:91:cf:4b:fb:4a,00:09:0f:e5:2c:1e,Tue Jul 30 15:13:18 NPT 2013
/64.225.158.191,/10.100.0.227,80,51384,00:09:0f:e5:2c:1e,58:91:cf:4b:fb:4a,Tue Jul 30 15:13:18 NPT 2013
/10.100.0.227,/74.125.236.109,51389,80,58:91:cf:4b:fb:4a,00:09:0f:e5:2c:1e,Tue Jul 30 15:13:18 NPT 2013
/10.100.0.227,/74.125.236.109,51391,80,58:91:cf:4b:fb:4a,00:09:0f:e5:2c:1e,Tue Jul 30 15:13:18 NPT 2013
/10.100.0.227,/74.125.236.109,51392,80,58:91:cf:4b:fb:4a,00:09:0f:e5:2c:1e,Tue Jul 30 15:13:18 NPT 2013
/10.100.0.227,/74.125.236.109,51393,80,58:91:cf:4b:fb:4a,00:09:0f:e5:2c:1e,Tue Jul 30 15:13:18 NPT 2013
/10.100.0.227,/64.225.158.191,51384,80,58:91:cf:4b:fb:4a,00:09:0f:e5:2c:1e,Tue Jul 30 15:13:18 NPT 2013
/74.125.236.109,/10.100.0.227,80,51389,00:09:0f:e5:2c:1e,58:91:cf:4b:fb:4a,Tue Jul 30 15:13:18 NPT 2013
/74.125.236.109,/10.100.0.227,80,51391,00:09:0f:e5:2c:1e,58:91:cf:4b:fb:4a,Tue Jul 30 15:13:18 NPT 2013
/10.100.0.227,/74.125.236.109,51391,80,58:91:cf:4b:fb:4a,00:09:0f:e5:2c:1e,Tue Jul 30 15:13:18 NPT 2013
/10.100.0.227,/74.125.236.109,51391,80,58:91:cf:4b:fb:4a,00:09:0f:e5:2c:1e,Tue Jul 30 15:13:18 NPT 2013
/74.125.236.109,/10.100.0.227,80,51392,00:09:0f:e5:2c:1e,58:91:cf:4b:fb:4a,Tue Jul 30 15:13:18 NPT 2013
/10.100.0.227,/74.125.236.109,51392,80,58:91:cf:4b:fb:4a,00:09:0f:e5:2c:1e,Tue Jul 30 15:13:18 NPT 2013
/10.100.0.227,/74.125.236.109,51392,80,58:91:cf:4b:fb:4a,00:09:0f:e5:2c:1e,Tue Jul 30 15:13:18 NPT 2013
/74.125.236.109,/10.100.0.227,80,51393,00:09:0f:e5:2c:1e,58:91:cf:4b:fb:4a,Tue Jul 30 15:13:18 NPT 2013
/10.100.0.227,/74.125.236.109,51393,80,58:91:cf:4b:fb:4a,00:09:0f:e5:2c:1e,Tue Jul 30 15:13:18 NPT 2013
/10.100.0.227,/74.125.236.109,51393,80,58:91:cf:4b:fb:4a,00:09:0f:e5:2c:1e,Tue Jul 30 15:13:18 NPT 2013
/10.100.0.227,/74.125.236.109,51393,80,58:91:cf:4b:fb:4a,00:09:0f:e5:2c:1e,Tue Jul 30 15:13:18 NPT 2013
/74.125.236.109,/10.100.0.227,80,51390,00:09:0f:e5:2c:1e,58:91:cf:4b:fb:4a,Tue Jul 30 15:13:18 NPT 2013
/74.125.236.109,/10.100.0.227,80,51390,00:09:0f:e5:2c:1e,58:91:cf:4b:fb:4a,Tue Jul 30 15:13:18 NPT 2013
/10.100.0.227,/74.125.236.109,51390,80,58:91:cf:4b:fb:4a,00:09:0f:e5:2c:1e,Tue Jul 30 15:13:18 NPT 2013
/74.125.236.109,/10.100.0.227,80,51391,00:09:0f:e5:2c:1e,58:91:cf:4b:fb:4a,Tue Jul 30 15:13:18 NPT 2013
/74.125.236.109,/10.100.0.227,80,51392,00:09:0f:e5:2c:1e,58:91:cf:4b:fb:4a,Tue Jul 30 15:13:18 NPT 2013
/10.100.0.227,/74.125.236.109,51393,80,58:91:cf:4b:fb:4a,00:09:0f:e5:2c:1e,Tue Jul 30 15:13:19 NPT 2013
/10.100.0.227,/74.125.236.109,51393,80,58:91:cf:4b:fb:4a,00:09:0f:e5:2c:1e,Tue Jul 30 15:13:20 NPT 2013
/10.100.0.227,/74.125.236.109,51393,80,58:91:cf:4b:fb:4a,00:09:0f:e5:2c:1e,Tue Jul 30 15:13:23 NPT 2013
/74.125.236.109,/10.100.0.227,80,51389,00:09:0f:e5:2c:1e,58:91:cf:4b:fb:4a,Tue Jul 30 15:13:24 NPT 2013
/74.125.236.109,/10.100.0.227,80,51389,00:09:0f:e5:2c:1e,58:91:cf:4b:fb:4a,Tue Jul 30 15:13:24 NPT 2013
/10.100.0.227,/74.125.236.109,51389,80,58:91:cf:4b:fb:4a,00:09:0f:e5:2c:1e,Tue Jul 30 15:13:24 NPT 2013
/74.125.236.109,/10.100.0.227,80,51392,00:09:0f:e5:2c:1e,58:91:cf:4b:fb:4a,Tue Jul 30 15:13:24 NPT 2013
/74.125.236.109,/10.100.0.227,80,51392,00:09:0f:e5:2c:1e,58:91:cf:4b:fb:4a,Tue Jul 30 15:13:24 NPT 2013
/10.100.0.227,/74.125.236.109,51392,80,58:91:cf:4b:fb:4a,00:09:0f:e5:2c:1e,Tue Jul 30 15:13:24 NPT 2013
/74.125.236.109,/10.100.0.227,80,51391,00:09:0f:e5:2c:1e,58:91:cf:4b:fb:4a,Tue Jul 30 15:13:24 NPT 2013
/74.125.236.109,/10.100.0.227,80,51391,00:09:0f:e5:2c:1e,58:91:cf:4b:fb:4a,Tue Jul 30 15:13:24 NPT 2013
/10.100.0.227,/74.125.236.109,51391,80,58:91:cf:4b:fb:4a,00:09:0f:e5:2c:1e,Tue Jul 30 15:13:24 NPT 2013
/74.125.236.109,/10.100.0.227,80,51393,00:09:0f:e5:2c:1e,58:91:cf:4b:fb:4a,Tue Jul 30 15:13:24 NPT 2013
/74.125.236.109,/10.100.0.227,80,51393,00:09:0f:e5:2c:1e,58:91:cf:4b:fb:4a,Tue Jul 30 15:13:24 NPT 2013
/10.100.0.227,/74.125.236.109,51393,80,58:91:cf:4b:fb:4a,00:09:0f:e5:2c:1e,Tue Jul 30 15:13:24 NPT 2013
/74.125.236.109,/10.100.0.227,80,51393,00:09:0f:e5:2c:1e,58:91:cf:4b:fb:4a,Tue Jul 30 15:13:24 NPT 2013
/74.125.236.109,/10.100.0.227,80,51392,00:09:0f:e5:2c:1e,58:91:cf:4b:fb:4a,Tue Jul 30 15:13:24 NPT 2013
/10.100.0.227,/74.125.236.109,51392,80,58:91:cf:4b:fb:4a,00:09:0f:e5:2c:1e,Tue Jul 30 15:13:24 NPT 2013
/74.125.236.109,/10.100.0.227,80,51393,00:09:0f:e5:2c:1e,58:91:cf:4b:fb:4a,Tue Jul 30 15:13:24 NPT 2013
/74.125.236.109,/10.100.0.227,80,51391,00:09:0f:e5:2c:1e,58:91:cf:4b:fb:4a,Tue Jul 30 15:13:24 NPT 2013
/10.100.0.227,/74.125.236.109,51391,80,58:91:cf:4b:fb:4a,00:09:0f:e5:2c:1e,Tue Jul 30 15:13:24 NPT 2013
/74.125.236.109,/10.100.0.227,80,51392,00:09:0f:e5:2c:1e,58:91:cf:4b:fb:4a,Tue Jul 30 15:13:24 NPT 2013
/10.100.0.227,/74.125.236.109,51392,80,58:91:cf:4b:fb:4a,00:09:0f:e5:2c:1e,Tue Jul 30 15:13:24 NPT 2013
/74.125.236.109,/10.100.0.227,80,51393,00:09:0f:e5:2c:1e,58:91:cf:4b:fb:4a,Tue Jul 30 15:13:24 NPT 2013
/10.100.0.227,/74.125.236.109,51393,80,58:91:cf:4b:fb:4a,00:09:0f:e5:2c:1e,Tue Jul 30 15:13:24 NPT 2013
/64.225.158.191,/10.100.0.227,80,51384,00:09:0f:e5:2c:1e,58:91:cf:4b:fb:4a,Tue Jul 30 15:13:24 NPT 2013
/10.100.0.227,/64.225.158.191,51384,80,58:91:cf:4b:fb:4a,00:09:0f:e5:2c:1e,Tue Jul 30 15:13:24 NPT 2013
/74.125.236.109,/10.100.0.227,80,51391,00:09:0f:e5:2c:1e,58:91:cf:4b:fb:4a,Tue Jul 30 15:13:24 NPT 2013
/10.100.0.227,/74.125.236.109,51391,80,58:91:cf:4b:fb:4a,00:09:0f:e5:2c:1e,Tue Jul 30 15:13:24 NPT 2013
/74.125.236.109,/10.100.0.227,80,51393,00:09:0f:e5:2c:1e,58:91:cf:4b:fb:4a,Tue Jul 30 15:13:24 NPT 2013
/10.100.0.227,/74.125.236.109,51393,80,58:91:cf:4b:fb:4a,00:09:0f:e5:2c:1e,Tue Jul 30 15:13:24 NPT 2013
/74.125.236.109,/10.100.0.227,80,51393,00:09:0f:e5:2c:1e,58:91:cf:4b:fb:4a,Tue Jul 30 15:13:24 NPT 2013
/74.125.236.109,/10.100.0.227,80,51392,00:09:0f:e5:2c:1e,58:91:cf:4b:fb:4a,Tue Jul 30 15:13:24 NPT 2013
/10.100.0.227,/74.125.236.109,51392,80,58:91:cf:4b:fb:4a,00:09:0f:e5:2c:1e,Tue Jul 30 15:13:24 NPT 2013
/74.125.236.109,/10.100.0.227,80,51391,00:09:0f:e5:2c:1e,58:91:cf:4b:fb:4a,Tue Jul 30 15:13:24 NPT 2013
/10.100.0.227,/74.125.236.109,51391,80,58:91:cf:4b:fb:4a,00:09:0f:e5:2c:1e,Tue Jul 30 15:13:24 NPT 2013
/74.125.236.109,/10.100.0.227,80,51393,00:09:0f:e5:2c:1e,58:91:cf:4b:fb:4a,Tue Jul 30 15:13:24 NPT 2013
/10.100.0.227,/74.125.236.109,51393,80,58:91:cf:4b:fb:4a,00:09:0f:e5:2c:1e,Tue Jul 30 15:13:24 NPT 2013
/64.225.158.191,/10.100.0.227,80,51384,00:09:0f:e5:2c:1e,58:91:cf:4b:fb:4a,Tue Jul 30 15:13:24 NPT 2013
/10.100.0.227,/64.225.158.191,51384,80,58:91:cf:4b:fb:4a,00:09:0f:e5:2c:1e,Tue Jul 30 15:13:24 NPT 2013
/74.125.236.109,/10.100.0.227,80,51389,00:09:0f:e5:2c:1e,58:91:cf:4b:fb:4a,Tue Jul 30 15:13:24 NPT 2013
/10.100.0.227,/74.125.236.109,51389,80,58:91:cf:4b:fb:4a,00:09:0f:e5:2c:1e,Tue Jul 30 15:13:24 NPT 2013
/74.125.236.109,/10.100.0.227,80,51392,00:09:0f:e5:2c:1e,58:91:cf:4b:fb:4a,Tue Jul 30 15:13:24 NPT 2013
/10.100.0.227,/74.125.236.109,51392,80,58:91:cf:4b:fb:4a,00:09:0f:e5:2c:1e,Tue Jul 30 15:13:24 NPT 2013
/74.125.236.109,/10.100.0.227,80,51393,00:09:0f:e5:2c:1e,58:91:cf:4b:fb:4a,Tue Jul 30 15:13:24 NPT 2013
/74.125.236.109,/10.100.0.227,80,51391,00:09:0f:e5:2c:1e,58:91:cf:4b:fb:4a,Tue Jul 30 15:13:24 NPT 2013
/10.100.0.227,/74.125.236.109,51391,80,58:91:cf:4b:fb:4a,00:09:0f:e5:2c:1e,Tue Jul 30 15:13:24 NPT 2013
/74.125.236.109,/10.100.0.227,80,51393,00:09:0f:e5:2c:1e,58:91:cf:4b:fb:4a,Tue Jul 30 15:13:24 NPT 2013
/10.100.0.227,/74.125.236.109,51393,80,58:91:cf:4b:fb:4a,00:09:0f:e5:2c:1e,Tue Jul 30 15:13:24 NPT 2013
/64.225.158.191,/10.100.0.227,80,51384,00:09:0f:e5:2c:1e,58:91:cf:4b:fb:4a,Tue Jul 30 15:13:24 NPT 2013
/10.100.0.227,/64.225.158.191,51384,80,58:91:cf:4b:fb:4a,00:09:0f:e5:2c:1e,Tue Jul 30 15:13:24 NPT 2013
/74.125.236.109,/10.100.0.227,80,51393,00:09:0f:e5:2c:1e,58:91:cf:4b:fb:4a,Tue Jul 30 15:13:24 NPT 2013
/10.100.0.227,/74.125.236.109,51393,80,58:91:cf:4b:fb:4a,00:09:0f:e5:2c:1e,Tue Jul 30 15:13:24 NPT 2013
/10.100.0.227,/74.125.236.121,51388,80,58:91:cf:4b:fb:4a,00:09:0f:e5:2c:1e,Tue Jul 30 15:13:24 NPT 2013
/10.100.0.227,/23.21.122.144,51395,80,58:91:cf:4b:fb:4a,00:09:0f:e5:2c:1e,Tue Jul 30 15:13:24 NPT 2013
/10.100.0.227,/23.21.122.144,51396,80,58:91:cf:4b:fb:4a,00:09:0f:e5:2c:1e,Tue Jul 30 15:13:24 NPT 2013
/74.125.236.121,/10.100.0.227,80,51388,00:09:0f:e5:2c:1e,58:91:cf:4b:fb:4a,Tue Jul 30 15:13:24 NPT 2013
/74.125.236.121,/10.100.0.227,80,51388,00:09:0f:e5:2c:1e,58:91:cf:4b:fb:4a,Tue Jul 30 15:13:24 NPT 2013
/74.125.236.121,/10.100.0.227,80,51388,00:09:0f:e5:2c:1e,58:91:cf:4b:fb:4a,Tue Jul 30 15:13:24 NPT 2013
/10.100.0.227,/74.125.236.121,51388,80,58:91:cf:4b:fb:4a,00:09:0f:e5:2c:1e,Tue Jul 30 15:13:24 NPT 2013
/74.125.236.121,/10.100.0.227,80,51388,00:09:0f:e5:2c:1e,58:91:cf:4b:fb:4a,Tue Jul 30 15:13:24 NPT 2013
/74.125.236.121,/10.100.0.227,80,51388,00:09:0f:e5:2c:1e,58:91:cf:4b:fb:4a,Tue Jul 30 15:13:24 NPT 2013
/10.100.0.227,/74.125.236.121,51388,80,58:91:cf:4b:fb:4a,00:09:0f:e5:2c:1e,Tue Jul 30 15:13:24 NPT 2013
/74.125.236.121,/10.100.0.227,80,51388,00:09:0f:e5:2c:1e,58:91:cf:4b:fb:4a,Tue Jul 30 15:13:24 NPT 2013
/74.125.236.121,/10.100.0.227,80,51388,00:09:0f:e5:2c:1e,58:91:cf:4b:fb:4a,Tue Jul 30 15:13:24 NPT 2013
/10.100.0.227,/74.125.236.121,51388,80,58:91:cf:4b:fb:4a,00:09:0f:e5:2c:1e,Tue Jul 30 15:13:24 NPT 2013
/74.125.236.121,/10.100.0.227,80,51388,00:09:0f:e5:2c:1e,58:91:cf:4b:fb:4a,Tue Jul 30 15:13:24 NPT 2013
/74.125.236.121,/10.100.0.227,80,51388,00:09:0f:e5:2c:1e,58:91:cf:4b:fb:4a,Tue Jul 30 15:13:24 NPT 2013
/10.100.0.227,/74.125.236.121,51388,80,58:91:cf:4b:fb:4a,00:09:0f:e5:2c:1e,Tue Jul 30 15:13:24 NPT 2013
/10.100.0.227,/74.125.236.121,51388,80,58:91:cf:4b:fb:4a,00:09:0f:e5:2c:1e,Tue Jul 30 15:13:24 NPT 2013
/74.125.236.121,/10.100.0.227,80,51388,00:09:0f:e5:2c:1e,58:91:cf:4b:fb:4a,Tue Jul 30 15:13:24 NPT 2013
/74.125.236.121,/10.100.0.227,80,51388,00:09:0f:e5:2c:1e,58:91:cf:4b:fb:4a,Tue Jul 30 15:13:24 NPT 2013
/10.100.0.227,/74.125.236.121,51388,80,58:91:cf:4b:fb:4a,00:09:0f:e5:2c:1e,Tue Jul 30 15:13:24 NPT 2013
/10.100.0.227,/8.25.35.55,51397,80,58:91:cf:4b:fb:4a,00:09:0f:e5:2c:1e,Tue Jul 30 15:13:24 NPT 2013
/74.125.236.121,/10.100.0.227,80,51388,00:09:0f:e5:2c:1e,58:91:cf:4b:fb:4a,Tue Jul 30 15:13:24 NPT 2013
/74.125.236.121,/10.100.0.227,80,51388,00:09:0f:e5:2c:1e,58:91:cf:4b:fb:4a,Tue Jul 30 15:13:24 NPT 2013
/10.100.0.227,/74.125.236.121,51388,80,58:91:cf:4b:fb:4a,00:09:0f:e5:2c:1e,Tue Jul 30 15:13:24 NPT 2013
/74.125.236.121,/10.100.0.227,80,51388,00:09:0f:e5:2c:1e,58:91:cf:4b:fb:4a,Tue Jul 30 15:13:24 NPT 2013
/74.125.236.121,/10.100.0.227,80,51388,00:09:0f:e5:2c:1e,58:91:cf:4b:fb:4a,Tue Jul 30 15:13:24 NPT 2013
/10.100.0.227,/74.125.236.121,51388,80,58:91:cf:4b:fb:4a,00:09:0f:e5:2c:1e,Tue Jul 30 15:13:24 NPT 2013
/74.125.236.121,/10.100.0.227,80,51388,00:09:0f:e5:2c:1e,58:91:cf:4b:fb:4a,Tue Jul 30 15:13:24 NPT 2013
/74.125.236.121,/10.100.0.227,80,51388,00:09:0f:e5:2c:1e,58:91:cf:4b:fb:4a,Tue Jul 30 15:13:24 NPT 2013
/10.100.0.227,/74.125.236.121,51388,80,58:91:cf:4b:fb:4a,00:09:0f:e5:2c:1e,Tue Jul 30 15:13:24 NPT 2013
/74.125.236.121,/10.100.0.227,80,51388,00:09:0f:e5:2c:1e,58:91:cf:4b:fb:4a,Tue Jul 30 15:13:24 NPT 2013
/74.125.236.121,/10.100.0.227,80,51388,00:09:0f:e5:2c:1e,58:91:cf:4b:fb:4a,Tue Jul 30 15:13:24 NPT 2013
/10.100.0.227,/74.125.236.121,51388,80,58:91:cf:4b:fb:4a,00:09:0f:e5:2c:1e,Tue Jul 30 15:13:24 NPT 2013
/74.125.236.121,/10.100.0.227,80,51388,00:09:0f:e5:2c:1e,58:91:cf:4b:fb:4a,Tue Jul 30 15:13:24 NPT 2013
/74.125.236.121,/10.100.0.227,80,51388,00:09:0f:e5:2c:1e,58:91:cf:4b:fb:4a,Tue Jul 30 15:13:24 NPT 2013
/10.100.0.227,/74.125.236.121,51388,80,58:91:cf:4b:fb:4a,00:09:0f:e5:2c:1e,Tue Jul 30 15:13:24 NPT 2013
/74.125.236.121,/10.100.0.227,80,51388,00:09:0f:e5:2c:1e,58:91:cf:4b:fb:4a,Tue Jul 30 15:13:24 NPT 2013
/10.100.0.227,/74.125.236.121,51388,80,58:91:cf:4b:fb:4a,00:09:0f:e5:2c:1e,Tue Jul 30 15:13:25 NPT 2013
/10.100.0.227,/64.225.158.191,51384,80,58:91:cf:4b:fb:4a,00:09:0f:e5:2c:1e,Tue Jul 30 15:13:25 NPT 2013
/23.21.122.144,/10.100.0.227,80,51395,00:09:0f:e5:2c:1e,58:91:cf:4b:fb:4a,Tue Jul 30 15:13:25 NPT 2013
/10.100.0.227,/23.21.122.144,51395,80,58:91:cf:4b:fb:4a,00:09:0f:e5:2c:1e,Tue Jul 30 15:13:25 NPT 2013
/10.100.0.227,/23.21.122.144,51395,80,58:91:cf:4b:fb:4a,00:09:0f:e5:2c:1e,Tue Jul 30 15:13:25 NPT 2013
/23.21.122.144,/10.100.0.227,80,51396,00:09:0f:e5:2c:1e,58:91:cf:4b:fb:4a,Tue Jul 30 15:13:25 NPT 2013
/10.100.0.227,/23.21.122.144,51396,80,58:91:cf:4b:fb:4a,00:09:0f:e5:2c:1e,Tue Jul 30 15:13:25 NPT 2013
/8.25.35.55,/10.100.0.227,80,51397,00:09:0f:e5:2c:1e,58:91:cf:4b:fb:4a,Tue Jul 30 15:13:25 NPT 2013
/10.100.0.227,/8.25.35.55,51397,80,58:91:cf:4b:fb:4a,00:09:0f:e5:2c:1e,Tue Jul 30 15:13:25 NPT 2013
/10.100.0.227,/8.25.35.55,51397,80,58:91:cf:4b:fb:4a,00:09:0f:e5:2c:1e,Tue Jul 30 15:13:25 NPT 2013
/64.225.158.191,/10.100.0.227,80,51384,00:09:0f:e5:2c:1e,58:91:cf:4b:fb:4a,Tue Jul 30 15:13:25 NPT 2013
/23.21.122.144,/10.100.0.227,80,51395,00:09:0f:e5:2c:1e,58:91:cf:4b:fb:4a,Tue Jul 30 15:13:25 NPT 2013
/23.21.122.144,/10.100.0.227,80,51395,00:09:0f:e5:2c:1e,58:91:cf:4b:fb:4a,Tue Jul 30 15:13:25 NPT 2013
/8.25.35.55,/10.100.0.227,80,51397,00:09:0f:e5:2c:1e,58:91:cf:4b:fb:4a,Tue Jul 30 15:13:25 NPT 2013
/8.25.35.55,/10.100.0.227,80,51397,00:09:0f:e5:2c:1e,58:91:cf:4b:fb:4a,Tue Jul 30 15:13:25 NPT 2013
/8.25.35.55,/10.100.0.227,80,51397,00:09:0f:e5:2c:1e,58:91:cf:4b:fb:4a,Tue Jul 30 15:13:25 NPT 2013
/8.25.35.55,/10.100.0.227,80,51397,00:09:0f:e5:2c:1e,58:91:cf:4b:fb:4a,Tue Jul 30 15:13:25 NPT 2013
/8.25.35.55,/10.100.0.227,80,51397,00:09:0f:e5:2c:1e,58:91:cf:4b:fb:4a,Tue Jul 30 15:13:25 NPT 2013
/8.25.35.55,/10.100.0.227,80,51397,00:09:0f:e5:2c:1e,58:91:cf:4b:fb:4a,Tue Jul 30 15:13:25 NPT 2013
/10.100.0.227,/8.25.35.55,51397,80,58:91:cf:4b:fb:4a,00:09:0f:e5:2c:1e,Tue Jul 30 15:13:25 NPT 2013
/8.25.35.55,/10.100.0.227,80,51397,00:09:0f:e5:2c:1e,58:91:cf:4b:fb:4a,Tue Jul 30 15:13:25 NPT 2013
/10.100.0.227,/8.25.35.55,51397,80,58:91:cf:4b:fb:4a,00:09:0f:e5:2c:1e,Tue Jul 30 15:13:25 NPT 2013
/10.100.0.227,/8.25.35.55,51397,80,58:91:cf:4b:fb:4a,00:09:0f:e5:2c:1e,Tue Jul 30 15:13:25 NPT 2013
/10.100.0.227,/8.25.35.55,51398,80,58:91:cf:4b:fb:4a,00:09:0f:e5:2c:1e,Tue Jul 30 15:13:25 NPT 2013
/10.100.0.227,/23.21.122.144,51395,80,58:91:cf:4b:fb:4a,00:09:0f:e5:2c:1e,Tue Jul 30 15:13:26 NPT 2013
/10.100.0.227,/8.25.35.55,51399,80,58:91:cf:4b:fb:4a,00:09:0f:e5:2c:1e,Tue Jul 30 15:13:26 NPT 2013
/8.25.35.55,/10.100.0.227,80,51397,00:09:0f:e5:2c:1e,58:91:cf:4b:fb:4a,Tue Jul 30 15:13:26 NPT 2013
/8.25.35.55,/10.100.0.227,80,51398,00:09:0f:e5:2c:1e,58:91:cf:4b:fb:4a,Tue Jul 30 15:13:26 NPT 2013
/10.100.0.227,/8.25.35.55,51398,80,58:91:cf:4b:fb:4a,00:09:0f:e5:2c:1e,Tue Jul 30 15:13:26 NPT 2013
/10.100.0.227,/8.25.35.55,51398,80,58:91:cf:4b:fb:4a,00:09:0f:e5:2c:1e,Tue Jul 30 15:13:26 NPT 2013
/8.25.35.55,/10.100.0.227,80,51399,00:09:0f:e5:2c:1e,58:91:cf:4b:fb:4a,Tue Jul 30 15:13:26 NPT 2013
/10.100.0.227,/8.25.35.55,51399,80,58:91:cf:4b:fb:4a,00:09:0f:e5:2c:1e,Tue Jul 30 15:13:26 NPT 2013
/8.25.35.55,/10.100.0.227,80,51398,00:09:0f:e5:2c:1e,58:91:cf:4b:fb:4a,Tue Jul 30 15:13:26 NPT 2013
/8.25.35.55,/10.100.0.227,80,51398,00:09:0f:e5:2c:1e,58:91:cf:4b:fb:4a,Tue Jul 30 15:13:27 NPT 2013
/8.25.35.55,/10.100.0.227,80,51398,00:09:0f:e5:2c:1e,58:91:cf:4b:fb:4a,Tue Jul 30 15:13:27 NPT 2013
/10.100.0.227,/8.25.35.55,51398,80,58:91:cf:4b:fb:4a,00:09:0f:e5:2c:1e,Tue Jul 30 15:13:27 NPT 2013
/8.25.35.55,/10.100.0.227,80,51398,00:09:0f:e5:2c:1e,58:91:cf:4b:fb:4a,Tue Jul 30 15:13:27 NPT 2013
/8.25.35.55,/10.100.0.227,80,51398,00:09:0f:e5:2c:1e,58:91:cf:4b:fb:4a,Tue Jul 30 15:13:27 NPT 2013
/10.100.0.227,/8.25.35.55,51398,80,58:91:cf:4b:fb:4a,00:09:0f:e5:2c:1e,Tue Jul 30 15:13:27 NPT 2013
/8.25.35.55,/10.100.0.227,80,51398,00:09:0f:e5:2c:1e,58:91:cf:4b:fb:4a,Tue Jul 30 15:13:32 NPT 2013
/8.25.35.55,/10.100.0.227,80,51398,00:09:0f:e5:2c:1e,58:91:cf:4b:fb:4a,Tue Jul 30 15:13:32 NPT 2013
/10.100.0.227,/8.25.35.55,51398,80,58:91:cf:4b:fb:4a,00:09:0f:e5:2c:1e,Tue Jul 30 15:13:32 NPT 2013
/8.25.35.55,/10.100.0.227,80,51398,00:09:0f:e5:2c:1e,58:91:cf:4b:fb:4a,Tue Jul 30 15:13:32 NPT 2013
/8.25.35.55,/10.100.0.227,80,51398,00:09:0f:e5:2c:1e,58:91:cf:4b:fb:4a,Tue Jul 30 15:13:32 NPT 2013
/10.100.0.227,/8.25.35.55,51398,80,58:91:cf:4b:fb:4a,00:09:0f:e5:2c:1e,Tue Jul 30 15:13:32 NPT 2013
/8.25.35.55,/10.100.0.227,80,51398,00:09:0f:e5:2c:1e,58:91:cf:4b:fb:4a,Tue Jul 30 15:13:32 NPT 2013
/8.25.35.55,/10.100.0.227,80,51398,00:09:0f:e5:2c:1e,58:91:cf:4b:fb:4a,Tue Jul 30 15:13:32 NPT 2013
/10.100.0.227,/8.25.35.55,51398,80,58:91:cf:4b:fb:4a,00:09:0f:e5:2c:1e,Tue Jul 30 15:13:32 NPT 2013
/8.25.35.55,/10.100.0.227,80,51398,00:09:0f:e5:2c:1e,58:91:cf:4b:fb:4a,Tue Jul 30 15:13:32 NPT 2013
/10.100.0.227,/8.25.35.55,51398,80,58:91:cf:4b:fb:4a,00:09:0f:e5:2c:1e,Tue Jul 30 15:13:32 NPT 2013
/10.100.0.227,/107.20.163.29,51400,80,58:91:cf:4b:fb:4a,00:09:0f:e5:2c:1e,Tue Jul 30 15:13:32 NPT 2013
/8.25.35.55,/10.100.0.227,80,51398,00:09:0f:e5:2c:1e,58:91:cf:4b:fb:4a,Tue Jul 30 15:13:32 NPT 2013
/10.100.0.227,/8.25.35.55,51398,80,58:91:cf:4b:fb:4a,00:09:0f:e5:2c:1e,Tue Jul 30 15:13:32 NPT 2013
/8.25.35.55,/10.100.0.227,80,51398,00:09:0f:e5:2c:1e,58:91:cf:4b:fb:4a,Tue Jul 30 15:13:33 NPT 2013
/10.100.0.227,/8.25.35.55,51398,80,58:91:cf:4b:fb:4a,00:09:0f:e5:2c:1e,Tue Jul 30 15:13:33 NPT 2013
/8.25.35.55,/10.100.0.227,80,51398,00:09:0f:e5:2c:1e,58:91:cf:4b:fb:4a,Tue Jul 30 15:13:33 NPT 2013
/10.100.0.227,/8.25.35.55,51398,80,58:91:cf:4b:fb:4a,00:09:0f:e5:2c:1e,Tue Jul 30 15:13:33 NPT 2013
/8.25.35.55,/10.100.0.227,80,51398,00:09:0f:e5:2c:1e,58:91:cf:4b:fb:4a,Tue Jul 30 15:13:33 NPT 2013
/10.100.0.227,/8.25.35.55,51398,80,58:91:cf:4b:fb:4a,00:09:0f:e5:2c:1e,Tue Jul 30 15:13:33 NPT 2013
/8.25.35.55,/10.100.0.227,80,51398,00:09:0f:e5:2c:1e,58:91:cf:4b:fb:4a,Tue Jul 30 15:13:33 NPT 2013
/10.100.0.227,/8.25.35.55,51398,80,58:91:cf:4b:fb:4a,00:09:0f:e5:2c:1e,Tue Jul 30 15:13:33 NPT 2013
/8.25.35.55,/10.100.0.227,80,51398,00:09:0f:e5:2c:1e,58:91:cf:4b:fb:4a,Tue Jul 30 15:13:33 NPT 2013
/8.25.35.55,/10.100.0.227,80,51398,00:09:0f:e5:2c:1e,58:91:cf:4b:fb:4a,Tue Jul 30 15:13:33 NPT 2013
/10.100.0.227,/8.25.35.55,51398,80,58:91:cf:4b:fb:4a,00:09:0f:e5:2c:1e,Tue Jul 30 15:13:33 NPT 2013
/8.25.35.55,/10.100.0.227,80,51398,00:09:0f:e5:2c:1e,58:91:cf:4b:fb:4a,Tue Jul 30 15:13:33 NPT 2013
/8.25.35.55,/10.100.0.227,80,51398,00:09:0f:e5:2c:1e,58:91:cf:4b:fb:4a,Tue Jul 30 15:13:33 NPT 2013
/10.100.0.227,/8.25.35.55,51398,80,58:91:cf:4b:fb:4a,00:09:0f:e5:2c:1e,Tue Jul 30 15:13:33 NPT 2013
/8.25.35.55,/10.100.0.227,80,51398,00:09:0f:e5:2c:1e,58:91:cf:4b:fb:4a,Tue Jul 30 15:13:33 NPT 2013
/107.20.163.29,/10.100.0.227,80,51400,00:09:0f:e5:2c:1e,58:91:cf:4b:fb:4a,Tue Jul 30 15:13:33 NPT 2013
/10.100.0.227,/107.20.163.29,51400,80,58:91:cf:4b:fb:4a,00:09:0f:e5:2c:1e,Tue Jul 30 15:13:33 NPT 2013
/10.100.0.227,/107.20.163.29,51400,80,58:91:cf:4b:fb:4a,00:09:0f:e5:2c:1e,Tue Jul 30 15:13:33 NPT 2013
/10.100.0.227,/8.25.35.55,51398,80,58:91:cf:4b:fb:4a,00:09:0f:e5:2c:1e,Tue Jul 30 15:13:33 NPT 2013
/8.25.35.55,/10.100.0.227,80,51398,00:09:0f:e5:2c:1e,58:91:cf:4b:fb:4a,Tue Jul 30 15:13:33 NPT 2013
/8.25.35.55,/10.100.0.227,80,51398,00:09:0f:e5:2c:1e,58:91:cf:4b:fb:4a,Tue Jul 30 15:13:33 NPT 2013
/107.20.163.29,/10.100.0.227,80,51400,00:09:0f:e5:2c:1e,58:91:cf:4b:fb:4a,Tue Jul 30 15:13:33 NPT 2013
/107.20.163.29,/10.100.0.227,80,51400,00:09:0f:e5:2c:1e,58:91:cf:4b:fb:4a,Tue Jul 30 15:13:33 NPT 2013
/8.25.35.55,/10.100.0.227,80,51398,00:09:0f:e5:2c:1e,58:91:cf:4b:fb:4a,Tue Jul 30 15:13:33 NPT 2013
/8.25.35.55,/10.100.0.227,80,51398,00:09:0f:e5:2c:1e,58:91:cf:4b:fb:4a,Tue Jul 30 15:13:33 NPT 2013
/10.100.0.227,/8.25.35.55,51398,80,58:91:cf:4b:fb:4a,00:09:0f:e5:2c:1e,Tue Jul 30 15:13:33 NPT 2013
/10.100.0.227,/8.25.35.55,51398,80,58:91:cf:4b:fb:4a,00:09:0f:e5:2c:1e,Tue Jul 30 15:13:33 NPT 2013
/10.100.0.227,/107.20.163.29,51400,80,58:91:cf:4b:fb:4a,00:09:0f:e5:2c:1e,Tue Jul 30 15:13:33 NPT 2013
/10.100.0.227,/65.255.35.148,51401,80,58:91:cf:4b:fb:4a,00:09:0f:e5:2c:1e,Tue Jul 30 15:13:34 NPT 2013
/10.100.0.227,/173.252.112.23,51386,80,58:91:cf:4b:fb:4a,00:09:0f:e5:2c:1e,Tue Jul 30 15:13:35 NPT 2013
/10.100.0.227,/173.252.112.23,51387,80,58:91:cf:4b:fb:4a,00:09:0f:e5:2c:1e,Tue Jul 30 15:13:35 NPT 2013
/10.100.0.227,/8.25.35.55,51398,80,58:91:cf:4b:fb:4a,00:09:0f:e5:2c:1e,Tue Jul 30 15:13:35 NPT 2013
/10.100.0.227,/65.255.35.148,51401,80,58:91:cf:4b:fb:4a,00:09:0f:e5:2c:1e,Tue Jul 30 15:13:37 NPT 2013
/10.100.0.227,/8.25.35.55,51398,80,58:91:cf:4b:fb:4a,00:09:0f:e5:2c:1e,Tue Jul 30 15:13:37 NPT 2013
/8.25.35.55,/10.100.0.227,80,51398,00:09:0f:e5:2c:1e,58:91:cf:4b:fb:4a,Tue Jul 30 15:13:39 NPT 2013
/65.255.35.148,/10.100.0.227,80,51401,00:09:0f:e5:2c:1e,58:91:cf:4b:fb:4a,Tue Jul 30 15:13:39 NPT 2013
/10.100.0.227,/65.255.35.148,51401,80,58:91:cf:4b:fb:4a,00:09:0f:e5:2c:1e,Tue Jul 30 15:13:39 NPT 2013
/173.252.112.23,/10.100.0.227,80,51387,00:09:0f:e5:2c:1e,58:91:cf:4b:fb:4a,Tue Jul 30 15:13:39 NPT 2013
/173.252.112.23,/10.100.0.227,80,51387,00:09:0f:e5:2c:1e,58:91:cf:4b:fb:4a,Tue Jul 30 15:13:39 NPT 2013
/10.100.0.227,/173.252.112.23,51387,80,58:91:cf:4b:fb:4a,00:09:0f:e5:2c:1e,Tue Jul 30 15:13:39 NPT 2013
/8.25.35.55,/10.100.0.227,80,51398,00:09:0f:e5:2c:1e,58:91:cf:4b:fb:4a,Tue Jul 30 15:13:39 NPT 2013
/65.255.35.148,/10.100.0.227,80,51401,00:09:0f:e5:2c:1e,58:91:cf:4b:fb:4a,Tue Jul 30 15:13:39 NPT 2013
/10.100.0.227,/65.255.35.148,51401,80,58:91:cf:4b:fb:4a,00:09:0f:e5:2c:1e,Tue Jul 30 15:13:39 NPT 2013
/10.100.0.227,/65.255.35.148,51401,80,58:91:cf:4b:fb:4a,00:09:0f:e5:2c:1e,Tue Jul 30 15:13:39 NPT 2013
/10.100.0.227,/65.255.35.148,51402,80,58:91:cf:4b:fb:4a,00:09:0f:e5:2c:1e,Tue Jul 30 15:13:39 NPT 2013
/65.255.35.148,/10.100.0.227,80,51401,00:09:0f:e5:2c:1e,58:91:cf:4b:fb:4a,Tue Jul 30 15:13:40 NPT 2013
/65.255.35.148,/10.100.0.227,80,51401,00:09:0f:e5:2c:1e,58:91:cf:4b:fb:4a,Tue Jul 30 15:13:40 NPT 2013
/10.100.0.227,/65.255.35.148,51401,80,58:91:cf:4b:fb:4a,00:09:0f:e5:2c:1e,Tue Jul 30 15:13:40 NPT 2013
/65.255.35.148,/10.100.0.227,80,51402,00:09:0f:e5:2c:1e,58:91:cf:4b:fb:4a,Tue Jul 30 15:13:40 NPT 2013
/10